-- MySQL dump 10.13  Distrib 8.0.21, for Linux (x86_64)
--
-- Host: localhost    Database: shebabar_inv
-- ------------------------------------------------------
-- Server version	8.0.21

/*!40101 SET @OLD_CHARACTER_SET_CLIENT=@@CHARACTER_SET_CLIENT */;
/*!40101 SET @OLD_CHARACTER_SET_RESULTS=@@CHARACTER_SET_RESULTS */;
/*!40101 SET @OLD_COLLATION_CONNECTION=@@COLLATION_CONNECTION */;
/*!50503 SET NAMES utf8mb4 */;
/*!40103 SET @OLD_TIME_ZONE=@@TIME_ZONE */;
/*!40103 SET TIME_ZONE='+00:00' */;
/*!40014 SET @OLD_UNIQUE_CHECKS=@@UNIQUE_CHECKS, UNIQUE_CHECKS=0 */;
/*!40014 SET @OLD_FOREIGN_KEY_CHECKS=@@FOREIGN_KEY_CHECKS, FOREIGN_KEY_CHECKS=0 */;
/*!40101 SET @OLD_SQL_MODE=@@SQL_MODE, SQL_MODE='NO_AUTO_VALUE_ON_ZERO' */;
/*!40111 SET @OLD_SQL_NOTES=@@SQL_NOTES, SQL_NOTES=0 */;

--
-- Table structure for table `admin`
--

DROP TABLE IF EXISTS `admin`;
/*!40101 SET @saved_cs_client     = @@character_set_client */;
/*!50503 SET character_set_client = utf8mb4 */;
CREATE TABLE `admin` (
  `id` int NOT NULL AUTO_INCREMENT,
  `name` text NOT NULL,
  `email` varchar(255) NOT NULL,
  `password` varchar(255) NOT NULL,
  `register_on` date NOT NULL,
  `last_login` datetime NOT NULL,
  PRIMARY KEY (`id`)
) ENGINE=InnoDB AUTO_INCREMENT=2 DEFAULT CHARSET=utf8mb4 COLLATE=utf8mb4_0900_ai_ci;
/*!40101 SET character_set_client = @saved_cs_client */;

--
-- Dumping data for table `admin`
--

LOCK TABLES `admin` WRITE;
/*!40000 ALTER TABLE `admin` DISABLE KEYS */;
INSERT INTO `admin` VALUES (1,'shebabari','shebabari','shebasusu','2020-08-14','2020-08-26 11:18:58');
/*!40000 ALTER TABLE `admin` ENABLE KEYS */;
UNLOCK TABLES;

--
-- Table structure for table `categories`
--

DROP TABLE IF EXISTS `categories`;
/*!40101 SET @saved_cs_client     = @@character_set_client */;
/*!50503 SET character_set_client = utf8mb4 */;
CREATE TABLE `categories` (
  `cat_id` int NOT NULL AUTO_INCREMENT,
  `cat_name` varchar(255) NOT NULL,
  PRIMARY KEY (`cat_id`),
  UNIQUE KEY `cat_name` (`cat_name`),
  KEY `cat_id` (`cat_id`)
) ENGINE=InnoDB AUTO_INCREMENT=72 DEFAULT CHARSET=utf8mb4 COLLATE=utf8mb4_0900_ai_ci;
/*!40101 SET character_set_client = @saved_cs_client */;

--
-- Dumping data for table `categories`
--

LOCK TABLES `categories` WRITE;
/*!40000 ALTER TABLE `categories` DISABLE KEYS */;
INSERT INTO `categories` VALUES (71,'bandage'),(63,'Butterfly'),(30,'Capsule'),(69,'Condom'),(68,'Cozycap'),(33,'Cream'),(46,'Diaper'),(32,'Drop'),(52,'Gel'),(55,'Hand Rub'),(48,'Hand Sanitizer'),(37,'Inhelar'),(31,'Injection'),(54,'Mouth wash'),(39,'Nebulizer solution '),(51,'Ointment'),(50,'Per rectal'),(34,'Saline'),(58,'Saline set'),(47,'Sanura'),(44,'Shampoo'),(45,'Spray'),(70,'Strip'),(40,'Suppository'),(35,'Suspension'),(66,'Syringe'),(38,'Syrup'),(29,'Tablet'),(49,'Vaginal tablet');
/*!40000 ALTER TABLE `categories` ENABLE KEYS */;
UNLOCK TABLES;

--
-- Table structure for table `invoice`
--

DROP TABLE IF EXISTS `invoice`;
/*!40101 SET @saved_cs_client     = @@character_set_client */;
/*!50503 SET character_set_client = utf8mb4 */;
CREATE TABLE `invoice` (
  `invoice_no` int NOT NULL AUTO_INCREMENT,
  `customer_name` varchar(100) DEFAULT NULL,
  `order_date` date NOT NULL,
  `sub_total` double NOT NULL,
  `discount` double DEFAULT NULL,
  `net_total` double DEFAULT NULL,
  `paid` double DEFAULT NULL,
  `due` double DEFAULT NULL,
  PRIMARY KEY (`invoice_no`)
) ENGINE=InnoDB AUTO_INCREMENT=583 DEFAULT CHARSET=utf8mb4 COLLATE=utf8mb4_0900_ai_ci;
/*!40101 SET character_set_client = @saved_cs_client */;

--
-- Dumping data for table `invoice`
--

LOCK TABLES `invoice` WRITE;
/*!40000 ALTER TABLE `invoice` DISABLE KEYS */;
INSERT INTO `invoice` VALUES (1,'Walking Customer','2020-09-08',155,0,155,155,0),(2,'Walking Customer','2020-09-08',48,0,48,48,0),(4,'Walking Customer','2020-09-08',125.39999999999999,0,125.39999999999999,125.39999999999999,0),(5,'Walking Customer','2020-09-08',16.14,0,16.14,16.14,0),(6,'Walking Customer','2020-09-08',486,6,480,480,0),(7,'Walking Customer','2020-09-08',60,0,60,60,0),(8,'Walking Customer','2020-09-08',5,0,5,5,0),(9,'Walking Customer','2020-09-08',55,0,55,55,0),(10,'Walking Customer','2020-09-08',40.12,0,40.12,40.12,0),(11,'Walking Customer','2020-09-08',402,12,390,390,0),(12,'KAMAL','2020-09-08',125.11,5,120.11,100,20),(13,'Walking Customer','2020-09-08',255,15,240,240,0),(14,'Walking Customer','2020-09-08',10,0,10,10,0),(15,'Walking Customer','2020-09-08',10,0,10,10,0),(16,'Walking Customer','2020-09-08',25.17,0,25.17,25.17,0),(17,'Walking Customer','2020-09-08',100,5,95,95,0),(18,'Walking Customer','2020-09-08',88.56,0,88.56,88.56,0),(19,'Walking Customer','2020-09-08',112,2,110,110,0),(20,'a','2020-09-08',20.7,0,20.7,20.7,0),(21,'Walking Customer','2020-09-08',67,7,60,60,0),(22,'Walking Customer','2020-09-08',490,20,470,470,0),(23,'Walking Customer','2020-09-08',10,0,10,10,0),(24,'Walking Customer','2020-09-08',77.1,0,77.1,77.1,0),(25,'Walking Customer','2020-09-08',114.6,0,114.6,114.6,0),(26,'Walking Customer','2020-09-08',5,0,5,5,0),(27,'Walking Customer','2020-09-08',80,10,70,70,0),(28,'Walking Customer','2020-09-08',20.08,0,20.08,20.08,0),(29,'Walking Customer','2020-09-08',48,0,48,48,0),(30,'Walking Customer','2020-09-09',210,20,190,190,0),(31,'Walking Customer','2020-09-09',6,0,6,6,0),(32,'Walking Customer','2020-09-09',80,5,75,75,0),(33,'Walking Customer','2020-09-09',370,10,360,360,0),(34,'Walking Customer','2020-09-09',80,5,75,75,0),(35,'Walking Customer','2020-09-09',83,3,80,80,0),(36,'Walking Customer','2020-09-09',75.7,5,70.7,70.7,0),(37,'Walking Customer','2020-09-09',27.12,0,27.12,27.12,0),(38,'Walking Customer','2020-09-09',505,5,500,500,0),(39,'Walking Customer','2020-09-09',117.6,0,117.6,117.6,0),(40,'Walking Customer','2020-09-09',40,0,40,40,0),(41,'Walking Customer','2020-09-09',10,0,10,10,0),(42,'Walking Customer','2020-09-09',44,0,44,44,0),(43,'Walking Customer','2020-09-09',10,0,10,10,0),(44,'Walking Customer','2020-09-09',10,0,10,10,0),(45,'Walking Customer','2020-09-09',30,0,30,30,0),(46,'Walking Customer','2020-09-09',180,10,170,170,0),(47,'Walking Customer','2020-09-09',34.58,0,34.58,34.58,0),(48,'Walking Customer','2020-09-09',80,8,72,72,0),(49,'Walking Customer','2020-09-09',46,1,45,45,0),(50,'Walking Customer','2020-09-09',48,0,48,48,0),(51,'Walking Customer','2020-09-09',65,0,65,65,0),(52,'Walking Customer','2020-09-09',32,0,32,32,0),(53,'Walking Customer','2020-09-09',240,10,230,230,0),(54,'Walking Customer','2020-09-09',210,10,200,200,0),(55,'Walking Customer','2020-09-10',2.05,0,2.05,2.05,0),(56,'Walking Customer','2020-09-10',5,0,5,5,0),(57,'Walking Customer','2020-09-10',22.04,0,22.04,22.04,0),(58,'Walking Customer','2020-09-10',200,20,180,180,0),(59,'Walking Customer','2020-09-10',30.1,0,30.1,30.1,0),(60,'Walking Customer','2020-09-10',20.25,0,20.25,20.25,0),(61,'Walking Customer','2020-09-10',93,8,85,85,0),(62,'Walking Customer','2020-09-10',10,0,10,10,0),(63,'Walking Customer','2020-09-10',60,4,56,56,0),(64,'Walking Customer','2020-09-10',5,0,5,5,0),(65,'Walking Customer','2020-09-10',6.78,0,6.78,6.78,0),(66,'Walking Customer','2020-09-10',25,0,25,25,0),(67,'Walking Customer','2020-09-10',278.2,18,260.2,260.2,0),(68,'Walking Customer','2020-09-10',48.1,0,48.1,48.1,0),(69,'Walking Customer','2020-09-10',10,0,10,10,0),(70,'Walking Customer','2020-09-10',5,0,5,5,0),(71,'Walking Customer','2020-09-10',131.3,0,131.3,131.3,0),(72,'Walking Customer','2020-09-10',10,0,10,10,0),(73,'Walking Customer','2020-09-10',14,1,13,13,0),(74,'Walking Customer','2020-09-10',100.78,1,99.78,99.78,0),(75,'Walking Customer','2020-09-10',60,0,60,60,0),(76,'Walking Customer','2020-09-10',20,0,20,20,0),(77,'Walking Customer','2020-09-10',241.96,21.96,220,220,0),(78,'Walking Customer','2020-09-10',60,0,60,60,0),(79,'Walking Customer','2020-09-10',60,0,60,60,0),(80,'Walking Customer','2020-09-10',600,60,540,540,0),(81,'Walking Customer','2020-09-11',80.2,5,75.2,75.2,0),(82,'Walking Customer','2020-09-11',10.04,0,10.04,10.04,0),(83,'Walking Customer','2020-09-11',35,0,35,35,0),(84,'Walking Customer','2020-09-11',100,30,70,70,0),(85,'Walking Customer','2020-09-11',70,0,70,70,0),(86,'Walking Customer','2020-09-11',85,5,80,80,0),(87,'Walking Customer','2020-09-11',30,0,30,30,0),(88,'Walking Customer','2020-09-11',5,0,5,5,0),(89,'Walking Customer','2020-09-11',5,0,5,5,0),(90,'Walking Customer','2020-09-11',80,5,75,75,0),(91,'Walking Customer','2020-09-11',11,1,10,10,0),(92,'Walking Customer','2020-09-11',381.96000000000004,41,340.96000000000004,340.96000000000004,0),(93,'Walking Customer','2020-09-11',5,0,5,5,0),(94,'Walking Customer','2020-09-11',10,0,10,10,0),(95,'Walking Customer','2020-09-11',10,0,10,10,0),(96,'Walking Customer','2020-09-11',18,0,18,18,0),(97,'Walking Customer','2020-09-11',74,0,74,74,0),(98,'Walking Customer','2020-09-11',300,30,270,270,0),(99,'Walking Customer','2020-09-11',50,0,50,50,0),(100,'Walking Customer','2020-09-11',80,5,75,75,0),(101,'Walking Customer','2020-09-11',34.58,0,34.58,34.58,0),(102,'Walking Customer','2020-09-11',40.199999999999996,0,40.199999999999996,40.199999999999996,0),(103,'Walking Customer','2020-09-11',12,0,12,12,0),(104,'Walking Customer','2020-09-11',112,2,110,110,0),(105,'Walking Customer','2020-09-11',55,5,50,50,0),(106,'Walking Customer','2020-09-11',10,0,10,10,0),(107,'Walking Customer','2020-09-11',90,10,80,80,0),(108,'Walking Customer','2020-09-11',60,10,50,50,0),(110,'Walking Customer','2020-09-12',250,20,230,230,0),(111,'Walking Customer','2020-09-12',18.560000000000002,0,18.560000000000002,18.560000000000002,0),(112,'Walking Customer','2020-09-12',10,0,10,10,0),(113,'Walking Customer','2020-09-12',40.7,0,40.7,40.7,0),(114,'Walking Customer','2020-09-12',25.08,0,25.08,25.08,0),(115,'Walking Customer','2020-09-12',100,0,100,100,0),(116,'Walking Customer','2020-09-12',57,7,50,50,0),(117,'Walking Customer','2020-09-12',10,0,10,10,0),(118,'Walking Customer','2020-09-12',210,10,200,200,0),(119,'Walking Customer','2020-09-12',250,10,240,240,0),(120,'Walking Customer','2020-09-12',220,10,210,210,0),(121,'Walking Customer','2020-09-12',19,0,19,19,0),(122,'Walking Customer','2020-09-12',60,0,60,60,0),(123,'Walking Customer','2020-09-12',5,0,5,5,0),(124,'Walking Customer','2020-09-12',552,52,500,500,0),(125,'Walking Customer','2020-09-12',20,0,20,20,0),(126,'Walking Customer','2020-09-12',20,0,20,20,0),(127,'Walking Customer','2020-09-12',9,0,9,9,0),(128,'Walking Customer','2020-09-12',1387.77,87,1300.77,1300.77,0),(129,'Walking Customer','2020-09-12',30.1,0,30.1,30.1,0),(130,'Walking Customer','2020-09-12',230,0,230,230,0),(131,'Walking Customer','2020-09-12',12,0,12,12,0),(132,'Walking Customer','2020-09-12',8,0,8,8,0),(133,'Walking Customer','2020-09-12',25,0,25,25,0),(134,'Walking Customer','2020-09-12',50,0,50,50,0),(135,'Walking Customer','2020-09-12',200.18,20,180.18,180.18,0),(136,'Walking Customer','2020-09-12',60,0,60,60,0),(137,'Walking Customer','2020-09-13',160,0,160,160,0),(138,'Walking Customer','2020-09-13',10.04,0,10.04,10.04,0),(139,'Walking Customer','2020-09-13',70,0,70,70,0),(140,'Walking Customer','2020-09-13',50,0,50,50,0),(141,'Walking Customer','2020-09-13',15,0,15,15,0),(142,'Walking Customer','2020-09-13',10,0,10,10,0),(143,'Walking Customer','2020-09-13',6,1,5,5,0),(144,'Walking Customer','2020-09-13',150,10,140,140,0),(145,'Walking Customer','2020-09-13',30,0,30,30,0),(146,'Walking Customer','2020-09-13',25,10,15,15,0),(147,'Walking Customer','2020-09-13',285,5,280,280,0),(148,'Walking Customer','2020-09-13',40.68,0,40.68,40.68,0),(149,'Walking Customer','2020-09-13',3,0,3,3,0),(150,'Walking Customer','2020-09-13',10,0,10,10,0),(151,'Walking Customer','2020-09-13',35,0,35,35,0),(152,'Walking Customer','2020-09-13',18,0,18,18,0),(153,'Walking Customer','2020-09-13',75.2,0,75.2,75.2,0),(154,'Walking Customer','2020-09-13',218,18,200,200,0),(155,'Walking Customer','2020-09-13',30,0,30,30,0),(156,'Walking Customer','2020-09-13',52.68,0,52.68,52.68,0),(157,'Walking Customer','2020-09-13',133.9,8,125.9,125.9,0),(158,'Walking Customer','2020-09-13',83.28,3,80.28,80.28,0),(159,'Walking Customer','2020-09-13',32.14,0,32.14,32.14,0),(160,'Walking Customer','2020-09-13',37.2,0,37.2,37.2,0),(161,'Walking Customer','2020-09-13',490,49,441,441,0),(162,'Walking Customer','2020-09-13',21,1,20,20,0),(163,'Walking Customer','2020-09-13',48,0,48,48,0),(164,'Walking Customer','2020-09-13',40.68,0,40.68,40.68,0),(165,'Walking Customer','2020-09-13',98,4,94,94,0),(166,'Walking Customer','2020-09-13',32.5,2,30.5,30.5,0),(167,'Walking Customer','2020-09-13',20,0,20,20,0),(168,'Walking Customer','2020-09-14',10.04,0,10.04,10.04,0),(169,'Walking Customer','2020-09-14',16,0,16,16,0),(170,'Walking Customer','2020-09-14',6,0,6,6,0),(171,'Walking Customer','2020-09-14',100,0,100,100,0),(172,'Walking Customer','2020-09-14',77.4,0,77.4,77.4,0),(173,'Walking Customer','2020-09-14',420,10,410,410,0),(174,'Walking Customer','2020-09-14',230.57999999999998,5,225.57999999999998,225.57999999999998,0),(175,'Walking Customer','2020-09-14',65.8,1,64.8,64.8,0),(176,'Walking Customer','2020-09-14',100,0,100,100,0),(177,'Walking Customer','2020-09-14',41.4,0,41.4,41.4,0),(178,'Walking Customer','2020-09-14',70,0,70,70,0),(179,'Walking Customer','2020-09-14',80,0,80,80,0),(180,'Walking Customer','2020-09-14',8,0,8,8,0),(181,'Walking Customer','2020-09-14',30.1,0,30.1,30.1,0),(182,'Walking Customer','2020-09-14',230,10,220,220,0),(183,'Walking Customer','2020-09-14',135,1,134,134,0),(184,'Walking Customer','2020-09-14',15,0,15,15,0),(185,'Walking Customer','2020-09-14',30,0,30,30,0),(186,'Walking Customer','2020-09-14',45.8,0,45.8,45.8,0),(187,'Walking Customer','2020-09-14',70,0,70,70,0),(188,'Walking Customer','2020-09-14',12,0,12,12,0),(189,'Walking Customer','2020-09-14',30,0,30,30,0),(190,'Walking Customer','2020-09-14',5,0,5,5,0),(191,'Walking Customer','2020-09-14',12,0,12,12,0),(192,'Walking Customer','2020-09-14',100.22,0,100.22,100.22,0),(193,'Walking Customer','2020-09-14',240,10,230,230,0),(194,'Walking Customer','2020-09-15',4,0,4,4,0),(195,'Walking Customer','2020-09-15',10,0,10,10,0),(196,'Walking Customer','2020-09-15',20,0,20,20,0),(197,'Walking Customer','2020-09-15',883.04,0,883.04,883.04,0),(198,'Walking Customer','2020-09-15',30,0,30,30,0),(199,'Walking Customer','2020-09-15',65,0,65,65,0),(200,'Walking Customer','2020-09-15',220,0,220,220,0),(201,'Walking Customer','2020-09-15',9,0,9,9,0),(202,'Walking Customer','2020-09-15',10,0,10,10,0),(203,'Walking Customer','2020-09-15',390.5,20,370.5,370.5,0),(204,'Walking Customer','2020-09-15',64,0,64,64,0),(205,'Walking Customer','2020-09-15',30.1,0,30.1,30.1,0),(206,'Walking Customer','2020-09-15',33,3,30,30,0),(207,'Walking Customer','2020-09-15',60,0,60,60,0),(208,'Walking Customer','2020-09-15',70,0,70,70,0),(209,'Walking Customer','2020-09-15',120,5,115,115,0),(210,'Walking Customer','2020-09-15',33.9,0,33.9,33.9,0),(211,'Walking Customer','2020-09-15',10,0,10,10,0),(212,'Walking Customer','2020-09-15',240,0,240,240,0),(213,'Walking Customer','2020-09-15',60,10,50,50,0),(214,'Walking Customer','2020-09-15',20,0,20,20,0),(215,'Walking Customer','2020-09-15',5,0,5,5,0),(216,'Walking Customer','2020-09-15',85.08,5,80.08,80.08,0),(217,'Walking Customer','2020-09-15',80,10,70,70,0),(218,'Walking Customer','2020-09-15',70,0,70,70,0),(219,'Walking Customer','2020-09-15',9.5,0,9.5,9.5,0),(220,'Walking Customer','2020-09-16',48,0,48,48,0),(221,'Walking Customer','2020-09-16',40.199999999999996,0,40.199999999999996,40.199999999999996,0),(222,'Walking Customer','2020-09-16',2,0,2,2,0),(223,'Walking Customer','2020-09-16',60,5,55,55,0),(224,'Walking Customer','2020-09-16',30,2,28,28,0),(225,'Walking Customer','2020-09-16',60,0,60,60,0),(226,'Walking Customer','2020-09-16',150,5,145,145,0),(227,'Walking Customer','2020-09-16',30,0,30,30,0),(228,'Walking Customer','2020-09-16',20,0,20,20,0),(229,'Walking Customer','2020-09-16',44.1,0,44.1,44.1,0),(230,'Walking Customer','2020-09-16',19.1,0,19.1,19.1,0),(231,'Walking Customer','2020-09-16',6.78,0,6.78,6.78,0),(232,'Walking Customer','2020-09-16',12,0,12,12,0),(233,'Walking Customer','2020-09-16',45,0,45,45,0),(234,'Walking Customer','2020-09-16',120,10,110,110,0),(235,'Walking Customer','2020-09-16',8,0,8,8,0),(236,'Walking Customer','2020-09-16',90.7,5,85.7,85.7,0),(237,'Walking Customer','2020-09-16',22,0,22,22,0),(238,'Walking Customer','2020-09-17',20,0,20,20,0),(239,'Walking Customer','2020-09-17',10,0,10,10,0),(240,'Walking Customer','2020-09-17',20,0,20,20,0),(241,'Walking Customer','2020-09-17',140,5,135,135,0),(242,'Walking Customer','2020-09-17',5,0,5,5,0),(243,'Walking Customer','2020-09-17',100,0,100,100,0),(244,'Walking Customer','2020-09-17',60.11,0,60.11,60.11,0),(245,'Walking Customer','2020-09-17',74.5,0,74.5,74.5,0),(246,'Walking Customer','2020-09-17',10,0,10,10,0),(247,'Walking Customer','2020-09-17',70,0,70,70,0),(248,'Walking Customer','2020-09-17',199,9,190,190,0),(249,'Walking Customer','2020-09-17',210,10,200,200,0),(250,'Walking Customer','2020-09-17',12,0,12,12,0),(251,'Walking Customer','2020-09-17',6,0,6,6,0),(252,'Walking Customer','2020-09-17',10,0,10,10,0),(253,'Walking Customer','2020-09-17',40.13,0,40.13,40.13,0),(254,'Walking Customer','2020-09-17',210,10,200,200,0),(255,'Walking Customer','2020-09-17',150.22,16,134.22,134.22,0),(256,'Walking Customer','2020-09-17',98,8,90,90,0),(257,'Walking Customer','2020-09-17',110,10,100,100,0),(258,'Walking Customer','2020-09-17',22,2,20,20,0),(259,'Walking Customer','2020-09-17',50,0,50,50,0),(260,'Walking Customer','2020-09-18',10.04,0,10.04,10.04,0),(261,'Walking Customer','2020-09-18',274.14,0,274.14,274.14,0),(262,'Walking Customer','2020-09-18',20,0,20,20,0),(263,'Walking Customer','2020-09-18',143.02,0,143.02,143.02,0),(264,'Walking Customer','2020-09-18',10.6,0,10.6,10.6,0),(265,'Walking Customer','2020-09-18',291.2,11,280.2,280.2,0),(266,'Walking Customer','2020-09-18',5,0,5,5,0),(267,'Walking Customer','2020-09-18',26,1,25,25,0),(268,'Walking Customer','2020-09-18',24,0,24,24,0),(269,'Walking Customer','2020-09-18',500,25,475,475,0),(270,'Walking Customer','2020-09-18',20.7,0,20.7,20.7,0),(271,'Walking Customer','2020-09-18',12,0,12,12,0),(272,'Walking Customer','2020-09-18',90.60000000000001,0,90.60000000000001,90.60000000000001,0),(273,'Walking Customer','2020-09-18',10.04,0,10.04,10.04,0),(274,'Walking Customer','2020-09-18',70.22,0,70.22,70.22,0),(275,'Walking Customer','2020-09-18',20.7,0,20.7,20.7,0),(276,'Walking Customer','2020-09-18',18,0,18,18,0),(277,'Walking Customer','2020-09-18',30,0,30,30,0),(278,'Walking Customer','2020-09-18',15,0,15,15,0),(279,'Walking Customer','2020-09-18',188.06,18,170.06,170.06,0),(280,'Walking Customer','2020-09-19',6,0,6,6,0),(281,'Walking Customer','2020-09-19',28,0,28,28,0),(282,'Walking Customer','2020-09-19',40,0,40,40,0),(283,'Walking Customer','2020-09-19',545,15,530,530,0),(284,'Walking Customer','2020-09-19',10,0,10,10,0),(285,'Walking Customer','2020-09-19',9,0,9,9,0),(286,'Walking Customer','2020-09-19',10,0,10,10,0),(287,'Walking Customer','2020-09-19',20.7,0,20.7,20.7,0),(288,'Walking Customer','2020-09-19',6,0,6,6,0),(289,'Walking Customer','2020-09-19',20,0,20,20,0),(290,'Walking Customer','2020-09-19',40,0,40,40,0),(291,'Walking Customer','2020-09-19',4,0,4,4,0),(292,'Walking Customer','2020-09-19',74.5,4,70.5,70.5,0),(293,'Walking Customer','2020-09-19',30,0,30,30,0),(294,'Walking Customer','2020-09-19',10,0,10,10,0),(295,'Walking Customer','2020-09-19',200.55,20,180.55,180.55,0),(296,'Walking Customer','2020-09-19',61.1,1,60.1,60.1,0),(297,'Walking Customer','2020-09-19',50.9,0,50.9,50.9,0),(298,'Walking Customer','2020-09-19',15,0,15,15,0),(299,'Walking Customer','2020-09-19',1441.2,72,1369.2,1369.2,0),(300,'Walking Customer','2020-09-19',4,0,4,4,0),(301,'Walking Customer','2020-09-19',12.3,2,10.3,10.3,0),(302,'Walking Customer','2020-09-19',105.33,10,95.33,95.33,0),(303,'Walking Customer','2020-09-19',60,0,60,60,0),(304,'Walking Customer','2020-09-19',30,0,30,30,0),(305,'Walking Customer','2020-09-19',15,0,15,15,0),(306,'Walking Customer','2020-09-19',22.5,2.5,20,20,0),(307,'Walking Customer','2020-09-19',80,0,80,80,0),(308,'Walking Customer','2020-09-19',336,16,320,320,0),(309,'Walking Customer','2020-09-19',30,0,30,30,0),(310,'Walking Customer','2020-09-19',160,15,145,145,0),(311,'Walking Customer','2020-09-20',5,0,5,5,0),(312,'Walking Customer','2020-09-20',4,0,4,4,0),(313,'Walking Customer','2020-09-20',6,0,6,6,0),(314,'Walking Customer','2020-09-20',10.04,0,10.04,10.04,0),(315,'Walking Customer','2020-09-20',140,15,125,125,0),(316,'Walking Customer','2020-09-20',100,5,95,95,0),(317,'Walking Customer','2020-09-20',58,0,58,58,0),(318,'Walking Customer','2020-09-20',130,5,125,125,0),(319,'Walking Customer','2020-09-20',107.11,2,105.11,105.11,0),(320,'Walking Customer','2020-09-20',60,0,60,60,0),(321,'Walking Customer','2020-09-20',91.36,1.36,90,90,0),(322,'Walking Customer','2020-09-20',5,0,5,5,0),(323,'Walking Customer','2020-09-20',5,0,5,5,0),(324,'Walking Customer','2020-09-20',330.98,30.98,300,300,0),(325,'Walking Customer','2020-09-20',120,10,110,110,0),(326,'Walking Customer','2020-09-20',15,0,15,15,0),(327,'Walking Customer','2020-09-20',10,0,10,10,0),(328,'Walking Customer','2020-09-20',25.08,0,25.08,25.08,0),(329,'Walking Customer','2020-09-20',95,0,95,95,0),(330,'Walking Customer','2020-09-20',10,0,10,10,0),(331,'Walking Customer','2020-09-20',36,1,35,35,0),(332,'Walking Customer','2020-09-20',12,0,12,12,0),(333,'Walking Customer','2020-09-20',10,0,10,10,0),(334,'Walking Customer','2020-09-20',79.28,0,79.28,79.28,0),(335,'Walking Customer','2020-09-20',20,0,20,20,0),(336,'Walking Customer','2020-09-20',140.60000000000002,10,130.60000000000002,130.60000000000002,0),(337,'Walking Customer','2020-09-20',85,5,80,80,0),(338,'Walking Customer','2020-09-20',15,0,15,15,0),(339,'Walking Customer','2020-09-20',10,0,10,10,0),(340,'Walking Customer','2020-09-21',12,2,10,10,0),(341,'Walking Customer','2020-09-21',21,1,20,20,0),(342,'Walking Customer','2020-09-21',80,0,80,80,0),(343,'Walking Customer','2020-09-21',588,23,565,565,0),(344,'Walking Customer','2020-09-21',35.11,0.11,35,35,0),(345,'Walking Customer','2020-09-21',507.7,57.7,450,450,0),(346,'Walking Customer','2020-09-21',595,10,585,585,0),(347,'Walking Customer','2020-09-21',98,3,95,95,0),(348,'Walking Customer','2020-09-21',210,2,208,208,0),(349,'Walking Customer','2020-09-21',45,5,40,40,0),(350,'Walking Customer','2020-09-21',105.33,5,100.33,100.33,0),(351,'Walking Customer','2020-09-21',60,0,60,60,0),(352,'Walking Customer','2020-09-21',24,4,20,20,0),(353,'Walking Customer','2020-09-21',50,5,45,45,0),(354,'Walking Customer','2020-09-21',35.24,0,35.24,35.24,0),(355,'Walking Customer','2020-09-21',140,0,140,140,0),(356,'Walking Customer','2020-09-21',50.12,0,50.12,50.12,0),(357,'Walking Customer','2020-09-21',90,5,85,85,0),(358,'Walking Customer','2020-09-21',4,0,4,4,0),(359,'Walking Customer','2020-09-21',25,0,25,25,0),(360,'Walking Customer','2020-09-21',10,0,10,10,0),(361,'Walking Customer','2020-09-21',25,1,24,24,0),(362,'Walking Customer','2020-09-21',135.4,5.4,130,130,0),(363,'Walking Customer','2020-09-21',80,5,75,75,0),(364,'Walking Customer','2020-09-21',10,0,10,10,0),(365,'Walking Customer','2020-09-21',12,2,10,10,0),(366,'Walking Customer','2020-09-21',100,10,90,90,0),(367,'Walking Customer','2020-09-21',70,5,65,65,0),(368,'Walking Customer','2020-09-21',70,5,65,65,0),(369,'Walking Customer','2020-09-21',20.34,0,20.34,20.34,0),(370,'Walking Customer','2020-09-21',10.04,0,10.04,10.04,0),(371,'Walking Customer','2020-09-22',140,15,125,125,0),(372,'Walking Customer','2020-09-22',30.04,0,30.04,30.04,0),(373,'Walking Customer','2020-09-22',414.96000000000004,42.96,372.00000000000006,372.00000000000006,0),(374,'Walking Customer','2020-09-22',30,0,30,30,0),(375,'Walking Customer','2020-09-22',23,3,20,20,0),(376,'Walking Customer','2020-09-22',15,0,15,15,0),(377,'Walking Customer','2020-09-22',25.08,0,25.08,25.08,0),(378,'Walking Customer','2020-09-22',16,1,15,15,0),(379,'Walking Customer','2020-09-22',7,0,7,7,0),(380,'Walking Customer','2020-09-22',12,0,12,12,0),(381,'Walking Customer','2020-09-22',12.3,0,12.3,12.3,0),(382,'Walking Customer','2020-09-22',668.28,68,600.28,600.28,0),(383,'Walking Customer','2020-09-22',30,0,30,30,0),(384,'Walking Customer','2020-09-22',30,0,30,30,0),(385,'Walking Customer','2020-09-22',260,0,260,260,0),(386,'Walking Customer','2020-09-22',10,0,10,10,0),(387,'Walking Customer','2020-09-22',11,1,10,10,0),(388,'Walking Customer','2020-09-22',270,30,240,240,0),(389,'Walking Customer','2020-09-23',450.28999999999996,50,400.28999999999996,400.28999999999996,0),(390,'Walking Customer','2020-09-23',346,46,300,300,0),(391,'Walking Customer','2020-09-23',100,0,100,100,0),(392,'Walking Customer','2020-09-23',44.1,2,42.1,42.1,0),(393,'Walking Customer','2020-09-23',10.04,0,10.04,10.04,0),(394,'Walking Customer','2020-09-23',110.3,10,100.3,100.3,0),(395,'Walking Customer','2020-09-23',17.6,2.6,15.000000000000002,15.000000000000002,0),(396,'Walking Customer','2020-09-23',50.34,0,50.34,50.34,0),(397,'Walking Customer','2020-09-23',5.1,0,5.1,5.1,0),(398,'Walking Customer','2020-09-23',10,0,10,10,0),(399,'Walking Customer','2020-09-23',12,0,12,12,0),(400,'Walking Customer','2020-09-23',308,8,300,300,0),(401,'Walking Customer','2020-09-23',360,10,350,350,0),(402,'Walking Customer','2020-09-23',17.05,0,17.05,17.05,0),(403,'Walking Customer','2020-09-23',55,0,55,55,0),(404,'Walking Customer','2020-09-23',20.7,0,20.7,20.7,0),(405,'Walking Customer','2020-09-23',10,0,10,10,0),(406,'Walking Customer','2020-09-23',5,0,5,5,0),(407,'Walking Customer','2020-09-23',65,5,60,60,0),(408,'Walking Customer','2020-09-23',41.4,1,40.4,40.4,0),(409,'Walking Customer','2020-09-23',29.89,0,29.89,29.89,0),(410,'Walking Customer','2020-09-23',10,0,10,10,0),(411,'Walking Customer','2020-09-23',4,0,4,4,0),(412,'Walking Customer','2020-09-23',15,0,15,15,0),(413,'Walking Customer','2020-09-23',100,0,100,100,0),(414,'Walking Customer','2020-09-23',65,0,65,65,0),(415,'Walking Customer','2020-09-23',306.70000000000005,31,275.70000000000005,275.70000000000005,0),(416,'Walking Customer','2020-09-23',10,0,10,10,0),(417,'Walking Customer','2020-09-23',31,1,30,30,0),(418,'Walking Customer','2020-09-23',30,0,30,30,0),(419,'Walking Customer','2020-09-23',40,0,40,40,0),(420,'Walking Customer','2020-09-23',46.14,0,46.14,46.14,0),(421,'Walking Customer','2020-09-23',140.44,20,120.44,120.44,0),(422,'Walking Customer','2020-09-23',60.839999999999996,0.83,60.01,60.01,0),(423,'Walking Customer','2020-09-23',6,0,6,6,0),(424,'Walking Customer','2020-09-23',30,0,30,30,0),(425,'Walking Customer','2020-09-23',30,0,30,30,0),(426,'Walking Customer','2020-09-24',36,0,36,36,0),(427,'Walking Customer','2020-09-24',35,0,35,35,0),(428,'Walking Customer','2020-09-24',6,1,5,5,0),(429,'Walking Customer','2020-09-24',5,0,5,5,0),(430,'Walking Customer','2020-09-24',10,0,10,10,0),(431,'Walking Customer','2020-09-24',10,0,10,10,0),(432,'Walking Customer','2020-09-24',60,5,55,55,0),(433,'Walking Customer','2020-09-24',10,0,10,10,0),(434,'Walking Customer','2020-09-24',16,1,15,15,0),(435,'Walking Customer','2020-09-24',174,4,170,170,0),(436,'Walking Customer','2020-09-24',122,2,120,120,0),(437,'Walking Customer','2020-09-24',50,0,50,50,0),(438,'Walking Customer','2020-09-24',560,504,56,56,0),(439,'Walking Customer','2020-09-24',345.62,35.62,310,310,0),(440,'Walking Customer','2020-09-24',208,20.8,187.2,187.2,0),(441,'Walking Customer','2020-09-24',101.5,1.5,100,100,0),(442,'Walking Customer','2020-09-24',20,0,20,20,0),(443,'Walking Customer','2020-09-24',55,0,55,55,0),(444,'Walking Customer','2020-09-24',34,0,34,34,0),(445,'Walking Customer','2020-09-25',30,0,30,30,0),(446,'Walking Customer','2020-09-25',20.08,0,20.08,20.08,0),(447,'Walking Customer','2020-09-25',6,0,6,6,0),(448,'Walking Customer','2020-09-25',120,10,110,110,0),(449,'Walking Customer','2020-09-25',10.6,0,10.6,10.6,0),(450,'Walking Customer','2020-09-25',2,0,2,2,0),(451,'Walking Customer','2020-09-25',15,0,15,15,0),(452,'Walking Customer','2020-09-25',30,0,30,30,0),(453,'Walking Customer','2020-09-25',4.02,0,4.02,4.02,0),(454,'Walking Customer','2020-09-25',148,8,140,140,0),(455,'Walking Customer','2020-09-25',10,0,10,10,0),(456,'Walking Customer','2020-09-25',25,0,25,25,0),(457,'Walking Customer','2020-09-25',53.9,0,53.9,53.9,0),(458,'Walking Customer','2020-09-25',10,0,10,10,0),(459,'Walking Customer','2020-09-25',611.96,21.96,590,590,0),(460,'Walking Customer','2020-09-25',80.8,0,80.8,80.8,0),(461,'Walking Customer','2020-09-25',16,1,15,15,0),(462,'Walking Customer','2020-09-25',875,35,840,840,0),(463,'Walking Customer','2020-09-25',205.55,5.55,200,200,0),(464,'Walking Customer','2020-09-25',21,1,20,20,0),(465,'Walking Customer','2020-09-25',12,0,12,12,0),(466,'Walking Customer','2020-09-25',12,0,12,12,0),(467,'Walking Customer','2020-09-25',44.58,0,44.58,44.58,0),(468,'Walking Customer','2020-09-25',119,9,110,110,0),(469,'Walking Customer','2020-09-25',35,0,35,35,0),(470,'Walking Customer','2020-09-25',5,0,5,5,0),(471,'Walking Customer','2020-09-26',6,1,5,5,0),(472,'Walking Customer','2020-09-26',25.5,0.5,25,25,0),(473,'Walking Customer','2020-09-26',190,20,170,170,0),(474,'Walking Customer','2020-09-26',70,5,65,65,0),(475,'Walking Customer','2020-09-26',50,0,50,50,0),(476,'Walking Customer','2020-09-26',70,5,65,65,0),(477,'Walking Customer','2020-09-26',120,0,120,120,0),(478,'Walking Customer','2020-09-26',100,5,95,95,0),(479,'Walking Customer','2020-09-26',70.08,0,70.08,70.08,0),(480,'Walking Customer','2020-09-26',5,0,5,5,0),(481,'Walking Customer','2020-09-26',5,0,5,5,0),(482,'Walking Customer','2020-09-26',314.1,14.1,300,300,0),(483,'Walking Customer','2020-09-26',35.24,0.24,35,35,0),(484,'Walking Customer','2020-09-26',497.4,37.4,460,460,0),(485,'Walking Customer','2020-09-26',420,0,420,420,0),(486,'Walking Customer','2020-09-26',4,0,4,4,0),(487,'Walking Customer','2020-09-26',25.08,0,25.08,25.08,0),(488,'Walking Customer','2020-09-26',10,0,10,10,0),(489,'Walking Customer','2020-09-26',20.5,5,15.5,15.5,0),(490,'Walking Customer','2020-09-26',100,10,90,90,0),(491,'Walking Customer','2020-09-26',30,0,30,30,0),(492,'Walking Customer','2020-09-27',9,0,9,9,0),(493,'Walking Customer','2020-09-27',5,0,5,5,0),(494,'Walking Customer','2020-09-27',105,0,105,105,0),(495,'Walking Customer','2020-09-27',35.11,0.11,35,35,0),(496,'Walking Customer','2020-09-27',230,10,220,220,0),(497,'Walking Customer','2020-09-27',50,0,50,50,0),(498,'Walking Customer','2020-09-27',225,20,205,205,0),(499,'Walking Customer','2020-09-27',98,3,95,95,0),(500,'Walking Customer','2020-09-27',6,1,5,5,0),(501,'Walking Customer','2020-09-27',222,2,220,220,0),(502,'Walking Customer','2020-09-27',60,5,55,55,0),(503,'Walking Customer','2020-09-27',106,6,100,100,0),(504,'Walking Customer','2020-09-27',10,0,10,10,0),(505,'Walking Customer','2020-09-27',40.12,0.12,40,40,0),(506,'Walking Customer','2020-09-27',60,0,60,60,0),(507,'Walking Customer','2020-09-27',54,0,54,54,0),(508,'Walking Customer','2020-09-27',45,0,45,45,0),(509,'Walking Customer','2020-09-27',60,0,60,60,0),(510,'Walking Customer','2020-09-27',90,0,90,90,0),(511,'Walking Customer','2020-09-27',70,5,65,65,0),(512,'Walking Customer','2020-09-27',30,0,30,30,0),(513,'Walking Customer','2020-09-27',605.33,35.33,570,570,0),(514,'Walking Customer','2020-09-27',50.04,0.04,50,50,0),(515,'Walking Customer','2020-09-27',20.5,0.5,20,20,0),(516,'Walking Customer','2020-09-27',60,0,60,60,0),(517,'Walking Customer','2020-09-27',40,0,40,40,0),(518,'Walking Customer','2020-09-27',10,0,10,10,0),(519,'Walking Customer','2020-09-27',108,7,101,101,0),(520,'Walking Customer','2020-09-27',70,5,65,65,0),(521,'Walking Customer','2020-09-27',28,0,28,28,0),(522,'Walking Customer','2020-09-27',500,50,450,450,0),(523,'Walking Customer','2020-09-27',20,0,20,20,0),(524,'Walking Customer','2020-09-27',110,10,100,100,0),(525,'Walking Customer','2020-09-27',36,1,35,35,0),(526,'Walking Customer','2020-09-28',226.53000000000003,1.53,225.00000000000003,225.00000000000003,0),(527,'Walking Customer','2020-09-28',35,0,35,35,0),(528,'Walking Customer','2020-09-28',31.54,1.54,30,30,0),(529,'Walking Customer','2020-09-28',656,31,625,625,0),(530,'Walking Customer','2020-09-28',299,10,289,289,0),(531,'Walking Customer','2020-09-28',282,2,280,280,0),(532,'Walking Customer','2020-09-28',12,0,12,12,0),(533,'Walking Customer','2020-09-28',70,0,70,70,0),(534,'Walking Customer','2020-09-28',80,5,75,75,0),(535,'Walking Customer','2020-09-28',9.55,0,9.55,9.55,0),(536,'Walking Customer','2020-09-28',130,0,130,130,0),(537,'Walking Customer','2020-09-28',35,0,35,35,0),(538,'Walking Customer','2020-09-28',49.1,0.1,49,49,0),(539,'Walking Customer','2020-09-28',8,0,8,8,0),(540,'Walking Customer','2020-09-28',493.15,10,483.15,483.15,0),(541,'Walking Customer','2020-09-28',412,12,400,400,0),(542,'Walking Customer','2020-09-28',20,0,20,20,0),(543,'Walking Customer','2020-09-28',45.13,5.13,40,40,0),(544,'Walking Customer','2020-09-28',10,0,10,10,0),(545,'Walking Customer','2020-09-28',15,0,15,15,0),(546,'Walking Customer','2020-09-28',37.2,1.2,36,36,0),(547,'Walking Customer','2020-09-28',100,10,90,90,0),(548,'Walking Customer','2020-09-28',185,5,180,180,0),(549,'Walking Customer','2020-09-28',100,10,90,90,0),(550,'Walking Customer','2020-09-28',280,10,270,270,0),(551,'Walking Customer','2020-09-28',360.6,30.6,330,330,0),(552,'Walking Customer','2020-09-28',98,4,94,94,0),(553,'Walking Customer','2020-09-28',66,6,60,60,0),(554,'Walking Customer','2020-09-28',60,0,60,60,0),(555,'Walking Customer','2020-09-28',15.059999999999999,0,15.059999999999999,15.059999999999999,0),(556,'Walking Customer','2020-09-28',167.5,0,167.5,160,7.5),(557,'Walking Customer','2020-09-28',56.25,6.25,50,50,0),(558,'Walking Customer','2020-09-29',33.9,0,33.9,33.9,0),(559,'Walking Customer','2020-09-29',10,0,10,10,0),(560,'Walking Customer','2020-09-29',20,0,20,20,0),(561,'Walking Customer','2020-09-29',180.69,10.69,170,170,0),(562,'Walking Customer','2020-09-29',11,1,10,10,0),(563,'Walking Customer','2020-09-29',80.31,5.31,75,75,0),(564,'Walking Customer','2020-09-29',20,0,20,20,0),(565,'Walking Customer','2020-09-29',280,30,250,250,0),(566,'Walking Customer','2020-09-29',100,5,95,95,0),(567,'Walking Customer','2020-09-29',55,5,50,50,0),(568,'Walking Customer','2020-09-29',20,0,20,20,0),(569,'Walking Customer','2020-09-29',20.7,0.7,20,20,0),(570,'Walking Customer','2020-09-29',160,5,155,155,0),(571,'Walking Customer','2020-09-29',60.18,0.18,60,60,0),(572,'Walking Customer','2020-09-29',29,0,29,29,0),(573,'Walking Customer','2020-09-29',10,0,10,10,0),(574,'Walking Customer','2020-09-29',82.8,2.8,80,80,0),(575,'Walking Customer','2020-09-29',60.18,0.18,60,60,0),(576,'Walking Customer','2020-09-29',6,0,6,6,0),(577,'Walking Customer','2020-09-29',38,0,38,38,0),(578,'Walking Customer','2020-09-29',25.08,0.08,25,25,0),(579,'Walking Customer','2020-09-29',37,2,35,35,0),(580,'Walking Customer','2020-09-29',102.82,2.82,100,100,0),(581,'Walking Customer','2020-09-29',82.22,2.22,80,80,0),(582,'Walking Customer','2020-09-29',21,1,20,20,0);
/*!40000 ALTER TABLE `invoice` ENABLE KEYS */;
UNLOCK TABLES;

--
-- Table structure for table `invoice_details`
--

DROP TABLE IF EXISTS `invoice_details`;
/*!40101 SET @saved_cs_client     = @@character_set_client */;
/*!50503 SET character_set_client = utf8mb4 */;
CREATE TABLE `invoice_details` (
  `id` int NOT NULL AUTO_INCREMENT,
  `invoice_no` int NOT NULL,
  `product_name` varchar(100) NOT NULL,
  `price` double NOT NULL,
  `qty` int NOT NULL,
  PRIMARY KEY (`id`),
  KEY `invoice_no` (`invoice_no`),
  CONSTRAINT `invoice_details_ibfk_1` FOREIGN KEY (`invoice_no`) REFERENCES `invoice` (`invoice_no`)
) ENGINE=InnoDB AUTO_INCREMENT=904 DEFAULT CHARSET=utf8mb4 COLLATE=utf8mb4_0900_ai_ci;
/*!40101 SET character_set_client = @saved_cs_client */;

--
-- Dumping data for table `invoice_details`
--

LOCK TABLES `invoice_details` WRITE;
/*!40000 ALTER TABLE `invoice_details` DISABLE KEYS */;
INSERT INTO `invoice_details` VALUES (4,1,'Fexo120',8,10),(5,1,'Aristoderm cream',75,1),(6,2,'Econate plus cream',48,1),(9,4,'Zimax 250mg',25.08,5),(10,5,'Monas5',8.07,2),(11,6,'Bost Tab',8,10),(12,6,'Cildip 10mg',9,14),(13,6,'Dicaltrol ',10,10),(14,6,'Pregaba 75mg Cap',18,10),(15,7,'Dettol S',60,1),(16,8,'ORS-N',5,1),(17,9,'Bicozin 100ml',55,1),(18,10,'Hexisol50ml',40.12,1),(19,11,'Rosuva 10',20.1,20),(20,12,'Pogo 100ml syrup',90,1),(21,12,'Zesup syp',35.11,1),(22,13,'Alcet 5mg Tab',4.5,10),(23,13,'Cefadyl 200mg Cap',30,5),(24,13,'Seclo20',6,10),(25,14,'Sergel 40mg Cap',10,1),(26,15,'ORS-N',5,2),(27,16,'Cefotil 250',25.17,1),(28,17,'Renxit',5,10),(29,17,'Losectil20',5,10),(30,18,'Flugal150',22.14,4),(31,19,'Pantonix40',8,14),(32,20,'Ace sus 60ml',20.7,1),(33,21,'Ceevit250',2,23),(34,21,'Ceevit DS',3.5,6),(35,22,'Rocal D Vita Tab',210,1),(36,22,'Benoster M wash',150,1),(37,22,'Dettol L',80,1),(38,22,'ORS-N',5,10),(39,23,'Ace Plus Tab',2.5,4),(40,24,'Sergel 20mg Cap',7,5),(41,24,'Seclo20',6,2),(42,24,'Norvis',6.02,5),(43,25,'Epitra0.5',6,10),(44,25,'Renxit',5,10),(45,25,'Vergon 5mg',0.46,10),(46,26,'Napa Extra Tab',2.5,2),(47,27,'Entacyd plus 200',80,1),(48,28,'Rabeca 20',5.02,4),(49,29,'Econate plus cream',48,1),(50,30,'Sergel 20mg Cap',7,30),(51,31,'Seclo20',6,1),(52,32,'Tusca Plus 100ml Syrup',80,1),(53,33,'Rocal D Vita Tab',210,1),(54,33,'Iracet 250mg Tab',16,10),(55,34,'Osartil50',8,10),(56,35,'Fluclox500',10.6,5),(57,35,'Seclo20',6,5),(58,36,'Pevisone 10gm cream',55,1),(59,36,'Renova syrp',20.7,1),(60,37,'Fimoxyl 500mg  Cap',6.78,4),(61,38,'Calbo D',210,1),(62,38,'Angenta Tab',5,20),(63,38,'B126',8,10),(64,38,'Exium 20mg Cap',8.5,10),(65,38,'Napa',1,30),(66,39,'Rubee 20mg Tab',5,10),(67,39,'MOxin 500mg Cap',6.76,10),(68,40,'Sergel 40mg Cap',10,1),(69,40,'Epitra0.5',6,5),(70,41,'Surgical mask',10,1),(71,42,'Napa Extra Tab',2.5,4),(72,42,'Seclo20',6,4),(73,42,'ORS',5,2),(74,43,'ORS-N',5,2),(75,44,'Deleta Tab',5,2),(76,45,'Epitra0.5',6,5),(77,46,'Renxit',5,10),(78,46,'Hexisol 250ml',130,1),(79,47,'Femicon Tab',34.58,1),(80,48,'Neobion Tab',8,10),(81,49,'Pantonix20',6,6),(82,49,'ORS-N',5,2),(83,50,'Econate plus cream',48,1),(84,51,'Tofen 100ml Syrup',65,1),(85,52,'Ceevit250',2,5),(86,52,'Napa Extra Tab',2.5,4),(87,52,'Seclo20',6,2),(88,53,'Neuro B',240,1),(89,54,'Rocal D Vita Tab',210,1),(90,55,'Famotid 20mg Tab',2.05,1),(91,56,'Napa Extra Tab',2.5,2),(92,57,'Zeropain 10mg Tab',12,1),(93,57,'Rabeca 20',5.02,2),(94,58,'Windel plus NS',20,10),(95,59,'Ciprocin500',15.05,2),(96,60,'Napa Extra Tab',2.5,4),(97,60,'Famotid 20mg Tab',2.05,5),(98,61,'Ceevit250',2,10),(99,61,'Solo N/D',23,1),(100,61,'Napa',1,10),(101,61,'Napa 60ml Syrup',20,1),(102,61,'Surgical mask',10,1),(103,61,'Ace Plus Tab',2.5,4),(104,62,'Ace Plus Tab',2.5,4),(105,63,'Seclo20',6,10),(106,64,'ORS-N',5,1),(107,65,'Fimoxyl 500mg  Cap',6.78,1),(108,66,'Insulin syringe',10,1),(109,66,'Napa Extra Tab',2.5,2),(110,66,'Surgical mask',10,1),(111,67,'Comet500',4.02,10),(112,67,'Maxpro 20 tab',7,14),(113,67,'Alatrol  tab',3,10),(114,67,'Seclo20',6,10),(115,67,'Renxit',5,10),(116,68,'Seclo20',6,2),(117,68,'Intimate 5',18.05,2),(118,69,'Tufnil200',10,1),(119,70,'Ace Plus Tab',2.5,2),(120,71,'Fimoxyl 500mg  Cap',6.78,10),(121,71,'Ace Plus Tab',2.5,5),(122,71,'Alatrol  tab',3,5),(123,71,'Seclo20',6,6),(124,72,'Reservix 100',5,2),(125,73,'Motigut 10mg Tab',3.5,4),(126,74,'Alatrol  tab',3,4),(127,74,'Seclo20',6,2),(128,74,'Fimoxyl 500mg  Cap',6.78,1),(129,74,'Zithrin500',35,2),(130,75,'Seclo20',6,10),(131,76,'Napa 60ml Syrup',20,1),(132,77,'MOxin 500mg Cap',6.76,21),(133,77,'Napa Extra Tab',2.5,12),(134,77,'Rubee 20mg Tab',5,14),(135,78,'Dettol S',60,1),(136,79,'Docopa200',6,10),(137,80,'Iracet500mg',30,20),(138,80,'',0,0),(139,81,'Ciprocin500',15.05,4),(140,81,'ORS-N',5,4),(141,82,'Rabeca 20',5.02,2),(142,83,'Motigut 10mg Tab',3.5,10),(143,84,'ORS-N',5,20),(144,85,'Sergel 20mg Cap',7,10),(145,86,'Tofen 100ml Syrup',65,1),(146,86,'Napa 60ml Syrup',20,1),(147,87,'Napa Extra Tab',2.5,12),(148,88,'Renxit',5,1),(149,89,'ORS-N',5,1),(150,90,'Tusca Plus 100ml Syrup',80,1),(151,91,'Napa Extra Tab',2.5,2),(152,91,'Alatrol  tab',3,2),(153,92,'Avas 10mg',10.07,14),(154,92,'Bislol 5mg',10.07,14),(155,92,'ORS-N',5,20),(156,93,'Napa Extra Tab',2.5,2),(157,94,'Ceevit250',2,5),(158,95,'ORS-N',5,2),(159,96,'Clofenac DT Tab',4,2),(160,96,'Rubee 20mg Tab',5,2),(161,97,'Cefaclav250mg',30,2),(162,97,'Acifix 20mg Tab',7,2),(163,98,'Oceancal-D Tab',10,30),(164,99,'Maxpro 20 cap',7,5),(165,99,'Omidon 10 mg',3,5),(166,100,'Osartil 50 plus',8,10),(167,101,'Femicon Tab',34.58,1),(168,102,'Comet500',4.02,10),(169,103,'Seclo20',6,2),(170,104,'Pantonix40',8,14),(171,104,'',0,0),(172,105,'Pevisone 10gm cream',55,1),(173,106,'Napa Extra Tab',2.5,4),(174,107,'Domin 10mg',3,30),(175,108,'Dettol S',60,1),(177,110,'Monas10',16,15),(178,110,'Napa',1,10),(179,111,'Fimoxyl 500mg  Cap',6.78,2),(180,111,'Napa Extra Tab',2.5,2),(181,112,'Surgical mask',10,1),(182,113,'Fenadin120',8,2),(183,113,'Ace syp60ml',20.7,1),(184,113,'Napa',1,4),(185,114,'Viodin10% solution15ml ',25.08,1),(186,115,'Dexogut',10,10),(187,116,'Beklo 10mg',9.5,6),(188,117,'Ceevit250',2,5),(189,118,'Rocal D Vita Tab',210,1),(190,119,'Dexpoten plus',100,2),(191,119,'Renxit',5,10),(192,120,'Zimax pfs50ml',200,1),(193,120,'Napa 60ml Syrup',20,1),(194,121,'Solas suspension30ml ',19,1),(195,122,'Seclo20',6,5),(196,122,'Napa Extra Tab',2.5,12),(197,123,'ORS-N',5,1),(198,124,'Comet500',4.02,50),(199,124,'Comprid 80mg',7.02,50),(200,125,'Sergel 40mg Cap',10,2),(201,126,'Tryptin 10',1,20),(202,127,'Clofenac DT Tab',4,1),(203,127,'Maxima20',5,1),(204,128,'Cef-3 200mg',32.25,14),(205,128,'A-Flox500',11,28),(206,128,'Sergel 20mg Cap',7,30),(207,128,'Rolac  10mg Tab',12,14),(208,128,'Calbo D',210,1),(209,128,'Fungidal HC',40.27,1),(210,129,'Levoster 50ml syrup',30.1,1),(211,130,'Emixef 200',35,6),(212,130,'Ceevit250',2,10),(213,131,'Seclo20',6,2),(214,132,'One time bandage',2,4),(215,133,'Ace Plus Tab',2.5,10),(216,134,'Losectil20',5,4),(217,134,'Angenta Tab',5,6),(218,135,'Efodio Tab',4,30),(219,135,'Ceevit250',2,10),(220,135,'Micoral oral gel',60.18,1),(221,136,'HCC pregnancy test cassette',40,1),(222,136,'HCC pregnancy test strip',20,1),(223,137,'Monas10',16,10),(224,138,'Rabeca 20',5.02,2),(225,139,'Motigut 10mg Tab',3.5,20),(226,140,'Losectil20',5,10),(227,141,'ORS-N',5,3),(228,142,'Sergel 20mg Cap',7,1),(229,142,'Domin 10mg',3,1),(230,143,'Seclo20',6,1),(231,144,'T-Cef 200mg Cap',35,3),(232,144,'Alcet 5mg Tab',4.5,10),(233,145,'Tofen 1mg',3,5),(234,145,'Alatrol  tab',3,5),(235,146,'Ace Plus Tab',2.5,10),(236,147,'Filwel silver',285,1),(237,148,'Fimoxyl 500mg  Cap',6.78,6),(238,149,'Alatrol  tab',3,1),(239,150,'ORS-N',5,2),(240,151,'Xinc syp',35,1),(241,152,'Alatrol  tab',3,6),(242,153,'B-50 Forte Cap',1.25,20),(243,153,'Propranol 10 ',0.51,20),(244,153,'Alben DS',5,8),(245,154,'Pantonix20',6,28),(246,154,'Ace Tab',1,50),(247,155,'amdocal 5mg Tab',5,1),(248,155,'Renxit',5,1),(249,155,'Dexamethason0.5',1,20),(250,156,'Fimoxyl 500mg  Cap',6.78,6),(251,156,'Seclo20',6,2),(252,157,'Dexpoten plus',100,1),(253,157,'Fimoxyl 500mg  Cap',6.78,5),(254,158,'Flugal150',22.14,2),(255,158,'Alatrol  tab',3,3),(256,158,'Napa Extra Tab',2.5,12),(257,159,'Flugal150',22.14,1),(258,159,'Losectil20',5,2),(259,160,'Aristovit B',37.2,1),(260,161,'Sergel 20mg Cap',7,30),(261,161,'Sergel 40mg Cap',10,16),(262,161,'Efodio Tab',4,30),(263,162,'Dimerol Tab',7,3),(264,163,'Pantonix20',6,8),(265,164,'Fimoxyl 500mg  Cap',6.78,6),(266,165,'Dimerol Tab',7,14),(267,166,'Renxit',5,5),(268,166,'Sedil ',1.5,5),(269,167,'Losectil20',5,4),(270,168,'Rabeca 20',5.02,2),(271,169,'Alatrol  tab',3,2),(272,169,'Napa Extra Tab',2.5,4),(273,170,'Seclo20',6,1),(274,171,'Senura Napkin (Penty System)',100,1),(275,172,'Fluclox500',10.6,4),(276,172,'ORS-N',5,7),(277,173,'Rocal D Vita Tab',210,2),(278,174,'Bizoran Tab',12,10),(279,174,'Femicon Tab',34.58,1),(280,174,'Pevisone 10gm cream',55,1),(281,174,'Sergel 20mg Cap',7,3),(282,175,'Ace syp60ml',20.7,1),(283,175,'Ciprocin500',15.05,2),(284,175,'Napa',1,5),(285,175,'Ace Tab',1,10),(286,176,'Viodin5%',50,1),(287,176,'Renxit',5,10),(288,177,'Renova syp',20.7,1),(289,177,'Renova suspension',20.7,1),(290,178,'Sergel 20mg Cap',7,10),(291,179,'Zif Ci',4,20),(292,180,'Clofenac DT Tab',4,2),(293,181,'Ciprocin500',15.05,2),(294,182,'Camlodin 5mg',5,30),(295,182,'Met 500mg',4,20),(296,183,'Seclo20',6,20),(297,183,'Napa Extend Tab',1.5,10),(298,184,'Glysup 1.15gm for children ',3,5),(299,185,'Alatrol  tab',3,10),(300,186,'Napa Extra Tab',2.5,12),(301,186,'Flagyl 400mg Tab',1.58,10),(302,187,'Zithrin500',35,2),(303,188,'Seclo20',6,2),(304,189,'Condom(Panther)',15,2),(305,190,'ORS-N',5,1),(306,191,'Seclo20',6,2),(307,192,'Camlodin plus 50',6.02,6),(308,192,'Comprid 80mg',7.02,5),(309,192,'ORS-N',5,2),(310,192,'Napa',1,10),(311,192,'Alatrol  tab',3,3),(312,193,'Furotil plus 500',60,4),(313,194,'Ceevit250',2,2),(314,195,'Surgical mask',10,1),(315,196,'ORS-N',5,3),(316,196,'Deleta Tab',5,1),(317,197,'Clavusef 500mg',50.15,12),(318,197,'Renova XR 665mg',1.51,24),(319,197,'Seacal-D Tab',10,7),(320,197,'Ferozi-CI Cap',3.5,30),(321,197,'Finix 20 mg tab',3.5,20),(322,198,'Alatrol  tab',3,10),(323,199,'E-cap 400',6.5,10),(324,200,'Napa Extra Tab',2.5,4),(325,200,'Rocal D Vita Tab',210,1),(326,201,'Sedil ',1.5,6),(327,202,'Entacyd plus',2,5),(328,203,'Monas10',16,20),(329,203,'Losectil20',5,2),(330,203,'Renxit',5,2),(331,203,'Supravit-PN',5.05,10),(332,204,'Monas10',16,4),(333,205,'Ciprocin500',15.05,2),(334,206,'Seclo20',6,3),(335,206,'Renxit',5,3),(336,207,'Seclo20',6,10),(337,208,'Dettol L',70,1),(338,209,'Cartilex D Tab',12,10),(339,210,'Fimoxyl 500mg  Cap',6.78,5),(340,211,'Amodis500',2,5),(341,212,'Monas10',16,15),(342,213,'Seclo20',6,10),(343,214,'Insulin syringe',10,2),(344,215,'Napa Extra Tab',2.5,2),(345,216,'Rabeca 20',5.02,4),(346,216,'Tofen 100ml Syrup',65,1),(347,217,'Napa Extra Tab',2.5,12),(348,217,'Ambrox 100ml syp',50,1),(349,218,'Maxpro 20 tab',7,10),(350,219,'Sergel 20mg Cap',7,1),(351,219,'Napa Extra Tab',2.5,1),(352,220,'Seclo20',6,8),(353,221,'Clofenac SR',4.02,10),(354,222,'Ceevit250',2,1),(355,223,'Fixocard50',6,10),(356,224,'Alatrol  tab',3,10),(357,225,'Dettol S',60,1),(358,226,'Cefadyl 200mg Cap',30,5),(359,227,'Alatrol  tab',3,10),(360,228,'HCC pregnancy test strip',20,1),(361,229,'Don A',3.15,14),(362,230,'Famotid 20mg Tab',2.05,2),(363,230,'Napa Extra Tab',2.5,2),(364,230,'Renxit',5,2),(365,231,'Fimoxyl 500mg  Cap',6.78,1),(366,232,'Seclo20',6,2),(367,233,'Ace Plus Tab',2.5,10),(368,233,'Domp',2,10),(369,234,'Flindof 200',6,20),(370,235,'Napa 125 suppository',4,2),(371,236,'Renova suspension',20.7,1),(372,236,'Rabe 20',7,10),(373,237,'Emistat 8mg Tab',11,2),(374,238,'Surgical mask',10,2),(375,239,'Ceevit250',2,5),(376,240,'Entacyd plus',2,10),(377,241,'Maxpro 20 cap',7,20),(378,242,'ORS-N',5,1),(379,243,'Sergel 20mg Cap',7,10),(380,243,'Napa Extra Tab',2.5,12),(381,244,'Intimate 10',35.11,1),(382,244,'Sergel 40mg Cap',10,2),(383,244,'Alben DS',5,1),(384,245,'Solas suspension30ml ',19,1),(385,245,'Famotid 20mg Tab',2.05,10),(386,245,'Alben DS',5,3),(387,245,'Sergel 40mg Cap',10,2),(388,246,'Sergel 40mg Cap',10,1),(389,247,'Maxima20',5,14),(390,248,'Solas suspension30ml ',19,1),(391,248,'Pogo 100ml syrup',90,2),(392,249,'Rocal D Vita Tab',210,1),(393,250,'Seclo20',6,2),(394,251,'Seclo20',6,1),(395,252,'Napa Extra Tab',2.5,4),(396,253,'Topicort cream',40.13,1),(397,254,'Rocal D Vita Tab',210,1),(398,255,'Tofen 100ml Syrup',65,1),(399,255,'Zimax 500mg',35.11,2),(400,255,'Napa Extend Tab',1.5,10),(401,256,'Sergel 20mg Cap',7,14),(402,257,'Ocof 100ml Syrup',100,1),(403,257,'Alben DS',5,2),(404,258,'Emistat 8mg Tab',11,2),(405,259,'Losectil20',5,10),(406,260,'Rabeca 20',5.02,2),(407,261,'Napa Extra Tab',2.5,12),(408,261,'Bost Tab',8,10),(409,261,'Dicaltrol ',10,8),(410,261,'Betabis2.5',6.01,14),(411,262,'Napa 60ml Syrup',20,1),(412,263,'Neofloxin 250mg Tab',8.05,14),(413,263,'Flagyl 400mg Tab',1.58,4),(414,263,'Omastin 50mg Tab',8,3),(415,264,'Fluclox500',10.6,1),(416,265,'Famotid 20mg Tab',2.05,20),(417,265,'OstocalD',210,1),(418,265,'Clofenac SR',4.02,10),(419,266,'Napa Extra Tab',2.5,2),(420,267,'Fexo120mg',8,2),(421,267,'Ace Plus Tab',2.5,4),(422,268,'Insulin syringe',10,2),(423,268,'Ceevit250',2,2),(424,269,'Jointec Max Tab',12,10),(425,269,'Coralcal-D Tab',11,10),(426,269,'Flexi 100mg',5,10),(427,269,'Flexibac 10mg Tab',10,15),(428,269,'Sergel 20mg Cap',7,10),(429,270,'Ace sus 60ml',20.7,1),(430,271,'Seclo20',6,2),(431,272,'Ketoral 200mg Tab',9.06,10),(432,273,'Rabeca 20',5.02,2),(433,274,'Zimax 500mg',35.11,2),(434,275,'Solas 100mg',1.15,18),(435,276,'Seclo20',6,3),(436,277,'Napa Extra Tab',2.5,12),(437,278,'Condom(Panther)',15,1),(438,279,'Monas10',16,10),(439,279,'Syringe 5ml(Opso)',5.03,2),(440,279,'Saline set',18,1),(441,280,'Seclo20',6,1),(442,281,'Sergel 20mg Cap',7,4),(443,282,'Fexo120mg',8,5),(444,283,'Alcet 5mg Tab',4.5,10),(445,283,'Furoclav 500mg Tab',50,10),(446,284,'ORS-N',5,2),(447,285,'Seclo20',6,1),(448,285,'Domin 10mg',3,1),(449,286,'Insulin syringe',10,1),(450,287,'Renova suspension',20.7,1),(451,288,'Seclo20',6,1),(452,289,'Alben DS',5,4),(453,290,'Ceevit250',2,20),(454,291,'Ceevit250',2,2),(455,292,'Famotid 20mg Tab',2.05,10),(456,292,'Mulrivit plus',54,1),(457,293,'Losectil20',5,6),(458,294,'Deleta Tab',5,2),(459,295,'Napa Extend Tab',1.5,10),(460,295,'Zimax 500mg',35.11,5),(461,295,'ORS-N',5,2),(462,296,'Ciprocin500',15.05,2),(463,296,'Condom(Panther)',15,1),(464,296,'Ceevit250',2,3),(465,296,'Napa',1,10),(466,297,'Fimoxyl 500mg  Cap',6.78,5),(467,297,'Seclo20',6,2),(468,297,'Losectil20',5,1),(469,298,'Condom(Panther)',15,1),(470,299,'Nexum 20 cap',7.02,60),(471,299,'Motigut 10mg Tab',3.5,60),(472,299,'Neuro B',240,1),(473,299,'Calbo D',210,1),(474,299,'Rupa 10mg Tab',12,30),(475,300,'Ceevit250',2,2),(476,301,'Amodis400',1.23,10),(477,302,'Zimax 500mg',35.11,3),(478,303,'Comet XR 500mg Tab',6,10),(479,304,'Seclo20',6,5),(480,305,'Condom(Panther)',15,1),(481,306,'Alcet 5mg Tab',4.5,5),(482,307,'Tusca Plus 100ml Syrup',80,1),(483,308,'Filwel gold',285,1),(484,308,'Motigut 10mg Tab',3.5,10),(485,308,'Rivotril 0.5mg Tab',8,2),(486,309,'Alben DS',5,2),(487,309,'Ceevit250',2,10),(488,310,'Iracet 250mg Tab',16,10),(489,311,'Losectil20',5,1),(490,312,'Ceevit250',2,2),(491,313,'Alatrol  tab',3,2),(492,314,'Rabeca 20',5.02,2),(493,315,'Sergel 20mg Cap',7,20),(494,316,'ORS-N',5,20),(495,317,'Fluclox250',5.8,10),(496,318,'E-cap 400',6.5,20),(497,319,'Xidolac Meltab 10mg',12,6),(498,319,'Flacol drop',35.11,1),(499,320,'Seclo20',6,10),(500,321,'Fimoxyl 500mg  Cap',6.78,12),(501,321,'Ace Tab',1,10),(502,322,'ORS-N',5,1),(503,323,'ORS-N',5,1),(504,324,'Olmesan 20mg Tab',10,15),(505,324,'Algin 50mg',8,5),(506,324,'Bislol 5mg',10.07,14),(507,325,'Disopan 0.5mg',6,20),(508,326,'ORS-N',5,3),(509,327,'ORS-N',5,2),(510,328,'Viodin10% solution15ml ',25.08,1),(511,329,'Rozith 500mg Tab',35,2),(512,329,'Reservix 100',5,5),(513,330,'Renxit',5,1),(514,330,'amdocal 5mg Tab',5,1),(515,331,'Rolac  10mg Tab',12,3),(516,332,'Seclo20',6,2),(517,333,'Surgical mask',10,1),(518,334,'Flugal150',22.14,2),(519,334,'Betameson N cream',35,1),(520,335,'ORS-N',5,4),(521,336,'Glucomet 850mg',6,10),(522,336,'Gored MR',8.06,10),(523,337,'E-cap 400',6.5,10),(524,337,'Ceevit250',2,10),(525,338,'ORS-N',5,3),(526,339,'ORS',5,2),(527,340,'Seclo20',6,2),(528,341,'Napro 500',7,3),(529,342,'Tusca Plus 100ml Syrup',80,1),(530,343,'Rabe 20',7,20),(531,343,'Trilock 10mg',16,28),(532,344,'Zimax 500mg',35.11,1),(533,345,'Dexpoten plus',100,1),(534,345,'Sergel 20mg Cap',7,10),(535,345,'Lindac 200mg Tab',9.54,5),(536,345,'Monas10',16,5),(537,345,'Calbo D',210,1),(538,346,'Benoster M wash',150,1),(539,346,'Seclo20',6,10),(540,346,'Rozith 500mg Tab',35,5),(541,346,'Rocal D Vita Tab',210,1),(542,347,'Maxpro 20 cap',7,14),(543,348,'Myolax50',7,10),(544,348,'D- Rise 20000',20,4),(545,348,'Joya Sanitary Napkin(Belt)',60,1),(546,349,'Napa Extend Tab',1.5,30),(547,350,'Zimax 500mg',35.11,3),(548,351,'Seclo20',6,10),(549,352,'Disopan 0.5mg',6,4),(550,353,'Motigut 10mg Tab',3.5,10),(551,353,'Napa Extend Tab',1.5,10),(552,354,'Zox sus',35.24,1),(553,355,'Avolac 100 ml',140,1),(554,356,'Hexisol50ml',40.12,1),(555,356,'Deleta Tab',5,2),(556,357,'Sergel 20mg Cap',7,10),(557,357,'Ceevit250',2,10),(558,358,'Ceevit250',2,2),(559,359,'Tofen 1mg',3,5),(560,359,'Ace Plus Tab',2.5,4),(561,360,'Entacyd plus',2,5),(562,361,'Ace Plus Tab',2.5,10),(563,362,'Cef-30ml',135.4,1),(564,363,'Osartil 50 plus',8,10),(565,364,'Ceevit250',2,5),(566,365,'Seclo20',6,2),(567,366,'Dexpoten plus',100,1),(568,367,'Sergel 20mg Cap',7,10),(569,368,'Motigut 10mg Tab',3.5,20),(570,369,'Fimoxyl 500mg  Cap',6.78,3),(571,370,'Rabeca 20',5.02,2),(572,371,'Emistat 4mg/5ml Oral syrup',50,1),(573,371,'Pogo 100ml syrup',90,1),(574,372,'Seclo20',6,3),(575,372,'Ceevit250',2,1),(576,372,'Rabeca 20',5.02,2),(577,373,'Phylopen DS',10.57,28),(578,373,'Dextrosal 5% 1000ml',101,1),(579,373,'Saline set',18,1),(580,374,'Napa Extend Tab',1.5,20),(581,375,'Brodil syp',23,1),(582,376,'Condom(Panther)',15,1),(583,377,'Viodin10% solution15ml ',25.08,1),(584,378,'Contine200',1.6,10),(585,379,'Sergel 20mg Cap',7,1),(586,380,'Seclo20',6,2),(587,381,'Amodis400',1.23,10),(588,382,'Cefadyl 200mg Cap',30,14),(589,382,'Rabeca 20',5.02,14),(590,382,'Amodis500',2,14),(591,382,'Benoster M wash',150,1),(592,383,'Seclo20',6,5),(593,384,'Napa Extra Tab',2.5,12),(594,385,'Sultolin HFA',230,1),(595,385,'Seclo20',6,5),(596,386,'Napa Extra Tab',2.5,4),(597,387,'Napa Extra Tab',2.5,2),(598,387,'Alatrol  tab',3,2),(599,388,'Domin 10mg',3,90),(600,389,'Flexi SR',7.02,20),(601,389,'Rabe 20',7,10),(602,389,'Amodis sus',29.89,1),(603,389,'Calbo D',210,1),(604,390,'Finix 20 mg tab',7,20),(605,390,'Bost Tab',8,10),(606,390,'Cildip 10mg',9,14),(607,391,'Fexo 180',10,10),(608,392,'Don A',3.15,14),(609,393,'Rabeca 20',5.02,2),(610,394,'Comprid XR60',11.03,10),(611,395,'Tryptin 25',1.76,10),(612,396,'Cefotil 250',25.17,2),(613,397,'Propranol 10 ',0.51,10),(614,398,'Renxit',5,2),(615,399,'Danilo 90mg Tab',12,1),(616,400,'Maxpro 20 cap',7,14),(617,400,'Rocal D Vita Tab',210,1),(618,401,'Rocal D Vita Tab',210,1),(619,401,'Benoster M wash',150,1),(620,402,'Ciprocin500',15.05,1),(621,402,'Amodis500',2,1),(622,403,'Pevisone 10gm cream',55,1),(623,404,'Ace sus 60ml',20.7,1),(624,405,'Renxit',5,1),(625,405,'ORS-N',5,1),(626,406,'Napa Extra Tab',2.5,2),(627,407,'Tofen 100ml Syrup',65,1),(628,408,'Ace drop',20.7,2),(629,409,'Amodis sus',29.89,1),(630,410,'Imotil',1,10),(631,411,'Ceevit250',2,2),(632,412,'Alatrol  tab',3,5),(633,413,'Dexpoten plus',100,1),(634,414,'Pevisone 10gm cream',55,1),(635,414,'Flustar500',10,1),(636,415,'Linatab 5mg Tab',18,10),(637,415,'Limpet-4',9.05,14),(638,416,'Ceevit250',2,5),(639,417,'Deleta Tab',5,2),(640,417,'Maxpro 20 cap',7,3),(641,418,'Seclo20',6,5),(642,419,'Efodio Tab',4,10),(643,420,'Anadol 50 mg',8.07,2),(644,420,'Seclo20',6,5),(645,421,'Zimax 500mg',35.11,4),(646,422,'MOxin 500mg Cap',6.76,9),(647,423,'Seclo20',6,1),(648,424,'Eno',15,2),(649,425,'Napa Extra Tab',2.5,12),(650,426,'Rolac  10mg Tab',12,2),(651,426,'Seclo20',6,2),(652,427,'Xinc syp',35,1),(653,428,'Seclo20',6,1),(654,429,'Alben DS',5,1),(655,430,'Losectil 20',5,2),(656,431,'Surgical mask',10,1),(657,432,'amdocal 10',7,5),(658,432,'Renxit',5,5),(659,433,'ORS-N',5,2),(660,434,'Napa Extra Tab',2.5,4),(661,434,'Alatrol  tab',3,2),(662,435,'Benoster M wash',150,1),(663,435,'Clofenac DT Tab',4,6),(664,436,'Danilo 90mg Tab',12,6),(665,436,'Losectil 20',5,10),(666,437,'Rubee 20mg Tab',5,10),(667,438,'Cefadyl 200mg Cap',30,10),(668,438,'Rocal D Vita Tab',210,1),(669,438,'Rubee 20mg Tab',5,10),(670,439,'Hexisol 250ml',130,1),(671,439,'Hexisol50ml',40.12,1),(672,439,'Ciprocin500',15.05,10),(673,439,'ORS-N',5,5),(674,440,'Pase 1mg',8,26),(675,441,'Joya Sanitary Napkin(Wings)',70,1),(676,441,'Alcet 5mg Tab',4.5,7),(677,442,'Napa 60ml Syrup',20,1),(678,443,'Pevisone 10gm cream',55,1),(679,444,'Ceevit250',2,2),(680,444,'Condom(Panther)',15,2),(681,445,'Epitra0.5',6,5),(682,446,'Rabeca 20',5.02,4),(683,447,'Seclo20',6,1),(684,448,'Rupa 10mg Tab',12,10),(685,449,'Fluclox500',10.6,1),(686,450,'Ceevit250',2,1),(687,451,'ORS-N',5,3),(688,452,'Alatrol  tab',3,10),(689,453,'Napro250',4.02,1),(690,454,'Maxpro 20 cap',7,14),(691,454,'Renxit',5,10),(692,455,'Tryptin 10',1,10),(693,456,'Ace Plus Tab',2.5,10),(694,457,'Fimoxyl 500mg  Cap',6.78,5),(695,457,'Ceevit250',2,10),(696,458,'Renxit',5,1),(697,458,'ORS-N',5,1),(698,459,'Avas 10mg',10.07,14),(699,459,'Bislol 5mg',10.07,14),(700,459,'Lijenta 5 mg Tab',22,15),(701,460,'Seclo20',6,2),(702,460,'Losectil 20',5,1),(703,460,'Condom(Panther)',15,1),(704,460,'Sergel 20mg Cap',7,1),(705,460,'Ceevit250',2,3),(706,460,'Deleta Tab',5,2),(707,460,'Solas 100mg',1.15,12),(708,460,'Glysup 1.15gm for children ',3,4),(709,461,'Contine200',1.6,10),(710,462,'Osartil50',8,10),(711,462,'Bexitrol F HFA Inhaler',795,1),(712,463,'Azithrocin 500mg',35.11,5),(713,463,'Napa',1,10),(714,463,'Ceevit250',2,10),(715,464,'Maxpro 20 cap',7,3),(716,465,'Ceevit250',2,6),(717,466,'Seclo20',6,2),(718,467,'Femicon Tab',34.58,1),(719,467,'Ceevit250',2,5),(720,468,'Xinc syp',35,1),(721,468,'Maxpro 20 tab',7,12),(722,469,'Finix 20 mg tab',7,5),(723,470,'Napa Extra Tab',2.5,2),(724,471,'Seclo20',6,1),(725,472,'ORS-N',5,1),(726,472,'Napa Extra Tab',2.5,1),(727,472,'Alatrol  tab',3,1),(728,472,'Domin 10mg',3,5),(729,473,'Flustar500',10,16),(730,473,'Ceevit250',2,10),(731,473,'Ace Tab',1,10),(732,474,'Calcin D Tab',7,10),(733,475,'Renxit',5,10),(734,476,'Sergel 20mg Cap',7,10),(735,477,'Bizoran Tab',12,10),(736,478,'ORS-N',5,20),(737,479,'Femicon Tab',34.58,1),(738,479,'Supravit-M',3.55,10),(739,480,'Napa',1,5),(740,481,'ORS-N',5,1),(741,482,'Furotil 500',45,6),(742,482,'Don A',3.15,14),(743,483,'Zox sus',35.24,1),(744,484,'Furoclav250',30,7),(745,484,'Lindac 200mg Tab',9.54,10),(746,484,'Pantonix40',8,14),(747,484,'Neurobest',8,10),(748,485,'Gliclid 80mg Tab',7,30),(749,485,'Acifix 20mg Tab',7,30),(750,486,'Ceevit250',2,2),(751,487,'Viodin10% solution15ml ',25.08,1),(752,488,'Napa Extra Tab',2.5,4),(753,489,'Alatrol  tab',3,6),(754,489,'Napa Extra Tab',2.5,1),(755,490,'ORS-N',5,20),(756,491,'Alatrol  tab',3,10),(757,492,'Sergel 20mg Cap',7,1),(758,492,'Ceevit250',2,1),(759,493,'Renxit',5,1),(760,494,'ORS-N',5,21),(761,495,'Flacol drop',35.11,1),(762,496,'Rocal D Vita Tab',210,1),(763,496,'Clofenac DT Tab',4,5),(764,497,'Renxit',5,6),(765,497,'ORS-N',5,4),(766,498,'Zimax pfs30ml',140,1),(767,498,'Napa 60ml Syrup',20,1),(768,498,'Tofen 100ml Syrup',65,1),(769,499,'Dimerol Tab',7,14),(770,500,'Ceevit250',2,3),(771,501,'Benoster M wash',150,1),(772,501,'Xidolac Meltab 10mg',12,6),(773,502,'Seclo20',6,10),(774,503,'Fluclox500',10.6,10),(775,504,'ORS-N',5,2),(776,505,'Hexisol50ml',40.12,1),(777,506,'Rhinil ',3,20),(778,507,'Saline set',18,3),(779,508,'Motigut 10mg Tab',3.5,10),(780,508,'ORS-N',5,2),(781,509,'Seclo20',6,10),(782,510,'Pogo 100ml syrup',90,1),(783,511,'Sergel 20mg Cap',7,10),(784,512,'Seclo20',6,5),(785,513,'Sergel 20mg Cap',7,10),(786,513,'Flexi 100mg',5,10),(787,513,'Flexibac 10mg Tab',10,15),(788,513,'Coralcal-D Tab',11,10),(789,513,'Jointec Max Tab',12,10),(790,513,'Zimax 500mg',35.11,3),(791,514,'HCC pregnancy test strip',20,1),(792,514,'Napa 60ml Syrup',20,1),(793,514,'Rabeca 20',5.02,2),(794,515,'Famotid 20mg Tab',2.05,10),(795,516,'Seclo20',6,10),(796,517,'Amit 25mg',2,20),(797,518,'Alben DS',5,2),(798,519,'Losectil 20',5,10),(799,519,'Renxit',5,5),(800,519,'Alben DS',5,1),(801,519,'Maxpro 20 cap',7,4),(802,520,'Sergel 20mg Cap',7,10),(803,521,'M-KAST 10mg  tab',14,2),(804,522,'Gaviflux 200ml sus',250,2),(805,523,'Insulin syringe',10,2),(806,524,'Move',110,1),(807,525,'Rolac  10mg Tab',12,3),(808,526,'Cefotil 250',25.17,9),(809,527,'Motigut 10mg Tab',3.5,10),(810,528,'Rabeca 20',5.02,2),(811,528,'Ceevit250',2,2),(812,528,'Dimerol Tab',7,1),(813,528,'Alatrol  tab',3,1),(814,528,'Napa Extra Tab',2.5,3),(815,529,'Finix 20 mg tab',7,40),(816,529,'Seacal-D Tab',10,20),(817,529,'Ferozi-CI Cap',3.5,20),(818,529,'Fluclox500',10.6,10),(819,530,'Benoster M wash',150,1),(820,530,'Zeropain 10mg Tab',12,12),(821,530,'Alben DS',5,1),(822,531,'Rocal D Vita Tab',210,1),(823,531,'Zeropain 10mg Tab',12,6),(824,532,'Seclo20',6,2),(825,533,'Rabe 20',7,10),(826,534,'Fexo120mg',8,10),(827,535,'Seclo20',6,1),(828,535,'Supravit-M',3.55,1),(829,536,'Dexpoten plus',100,1),(830,536,'Alatrol  tab',3,10),(831,537,'Maxpro 20 cap',7,5),(832,538,'Sefrad 500 mg cap',16.05,2),(833,538,'Ace Plus Tab',2.5,2),(834,538,'Seclo20',6,2),(835,539,'Fexo120mg',8,1),(836,540,'Don A',3.15,21),(837,540,'Moxacil500',6.8,20),(838,540,'Sergel 20mg Cap',7,20),(839,540,'Trevox 500',15.1,10),(840,541,'Furotil 500',45,6),(841,541,'Rolac  10mg Tab',12,6),(842,541,'Rubee 20mg Tab',5,14),(843,542,'NAproxen Plus 500mg Tab (AL)',10,2),(844,543,'Levostar syp 100',45.13,1),(845,544,'Deleta Tab',5,2),(846,545,'M-lucas 10',15,1),(847,546,'Aristovit B',37.2,1),(848,547,'Dexpoten plus',100,1),(849,548,'Finix 20 mg tab',7,20),(850,548,'Tofen 1mg',3,15),(851,549,'Met 500mg',4,10),(852,549,'Losectil 20',5,10),(853,549,'ORS-N',5,2),(854,550,'Zithrin500',35,8),(855,551,'Hemorif',8.06,10),(856,551,'Pendoril 4mg Tab',14,20),(857,552,'Cildip 5mg',7,14),(858,553,'Hyperoxi',33,2),(859,554,'Joya Sanitary Napkin(Belt)',60,1),(860,555,'Rabeca 20',5.02,3),(861,556,'Atova 10mg Tab',10,10),(862,556,'Fixocard50',6,10),(863,556,'Carva 75',0.75,10),(864,557,'Clonatril 0.5mg Tab',6,5),(865,557,'Fixocard25',5.25,5),(866,558,'Fimoxyl 500mg  Cap',6.78,5),(867,559,'Napa Extra Tab',2.5,4),(868,560,'ORS-N',5,4),(869,561,'Bactrocin 2% oint',140.42,1),(870,561,'Fungidal HC',40.27,1),(871,562,'Napa Extra Tab',2.5,2),(872,562,'Alatrol  tab',3,2),(873,563,'Kiddi 100ml Syrup',80.31,1),(874,564,'Napa 60ml Syrup',20,1),(875,565,'Monas10',16,10),(876,565,'Flindof 200',6,20),(877,566,'ORS-N',5,20),(878,567,'Pevisone 10gm cream',55,1),(879,568,'Amodis500',2,10),(880,569,'Ace sus 60ml',20.7,1),(881,570,'Normens',6,15),(882,570,'Sergel 20mg Cap',7,10),(883,571,'Micoral oral gel',60.18,1),(884,572,'Solas suspension30ml ',19,1),(885,572,'Alben DS',5,2),(886,573,'Napa',1,10),(887,574,'Moxacil500',6.8,6),(888,574,'Maxpro 20 cap',7,6),(889,575,'Intimate20mg',60.18,1),(890,576,'Ceevit250',2,3),(891,577,'Ceevit250',2,10),(892,577,'Seclo20',6,3),(893,578,'Viodin10% solution15ml ',25.08,1),(894,579,'Solas suspension30ml ',19,1),(895,579,'Alcet 5mg Tab',4.5,4),(896,580,'Napa Extra Tab',2.5,4),(897,580,'Flugal150',22.14,1),(898,580,'Fimoxyl 500mg  Cap',6.78,6),(899,580,'Alatrol  tab',3,10),(900,581,'Zimax 500mg',35.11,2),(901,581,'ORS-N',5,2),(902,581,'Imotil',1,2),(903,582,'Maxpro 20 cap',7,3);
/*!40000 ALTER TABLE `invoice_details` ENABLE KEYS */;
UNLOCK TABLES;

--
-- Table structure for table `manager`
--

DROP TABLE IF EXISTS `manager`;
/*!40101 SET @saved_cs_client     = @@character_set_client */;
/*!50503 SET character_set_client = utf8mb4 */;
CREATE TABLE `manager` (
  `id` int NOT NULL AUTO_INCREMENT,
  `name` varchar(100) NOT NULL,
  `username` varchar(255) NOT NULL,
  `password` varchar(255) NOT NULL,
  `last_login` datetime NOT NULL,
  PRIMARY KEY (`id`)
) ENGINE=InnoDB AUTO_INCREMENT=2 DEFAULT CHARSET=utf8mb4 COLLATE=utf8mb4_0900_ai_ci;
/*!40101 SET character_set_client = @saved_cs_client */;

--
-- Dumping data for table `manager`
--

LOCK TABLES `manager` WRITE;
/*!40000 ALTER TABLE `manager` DISABLE KEYS */;
INSERT INTO `manager` VALUES (1,'manager','manager','mushebamu','2020-09-08 11:00:00');
/*!40000 ALTER TABLE `manager` ENABLE KEYS */;
UNLOCK TABLES;

--
-- Table structure for table `medicine`
--

DROP TABLE IF EXISTS `medicine`;
/*!40101 SET @saved_cs_client     = @@character_set_client */;
/*!50503 SET character_set_client = utf8mb4 */;
CREATE TABLE `medicine` (
  `pid` int NOT NULL AUTO_INCREMENT,
  `product_name` varchar(255) DEFAULT NULL,
  `generic` varchar(255) DEFAULT NULL,
  `cat_id` int DEFAULT NULL,
  `stock` int DEFAULT NULL,
  `cost` decimal(15,4) DEFAULT NULL,
  `price` decimal(15,4) DEFAULT NULL,
  `added_date` date DEFAULT NULL,
  `expiry_date` date DEFAULT NULL,
  `status` int DEFAULT NULL,
  `block` varchar(255) DEFAULT NULL,
  `alert_qty` int DEFAULT NULL,
  PRIMARY KEY (`pid`),
  UNIQUE KEY `pid` (`pid`),
  UNIQUE KEY `product_name` (`product_name`),
  KEY `cat_id` (`cat_id`),
  CONSTRAINT `catagorie` FOREIGN KEY (`cat_id`) REFERENCES `categories` (`cat_id`)
) ENGINE=InnoDB AUTO_INCREMENT=937 DEFAULT CHARSET=utf8mb4 COLLATE=utf8mb4_0900_ai_ci;
/*!40101 SET character_set_client = @saved_cs_client */;

--
-- Dumping data for table `medicine`
--

LOCK TABLES `medicine` WRITE;
/*!40000 ALTER TABLE `medicine` DISABLE KEYS */;
INSERT INTO `medicine` VALUES (23,'Anzet','Flupentixol ',32,95,4.3500,5.0000,'2020-08-29','2022-05-30',1,'C3',10),(24,'Azithrocin 30ml','Azithromycin',38,4,113.1000,130.0000,'2020-08-29','2021-10-01',1,'A',1),(25,'B126','Vitamin',29,50,7.0000,8.0000,'2020-08-29','2022-05-30',1,'D3',10),(26,'Azithrocin 50ml','Azithromycin',35,5,161.0000,185.0000,'2020-08-29','2022-05-30',1,'A',1),(27,'Clavurox 250mg','Cefuroxime+clavulanic acid',29,28,26.0000,30.0000,'2020-08-29','2021-10-30',1,'F',10),(29,'amdocal plus 50mg Tab','Amlodipine 5 mg and atenolol 50 mg',29,180,5.2200,6.0000,'2020-08-29','2023-02-28',1,'C4',1),(30,'amdocal 5mg Tab','Amlodipine 5 mg ',29,293,4.3500,5.0000,'2020-08-29','2023-02-28',1,'C4',1),(31,'Clavurox 500mg','Cefuroxime',29,14,43.5000,50.0000,'2020-08-29','2021-10-30',1,'A',10),(36,'amdocal 10','Amlodipine 10mg',29,175,6.0900,7.0000,'2020-08-29','2023-03-30',1,'C4',1),(37,'Aristovit B','Vitamin B Complex',38,3,32.3600,37.2000,'2020-08-29','2022-06-22',1,'D4',1),(38,'Clavurox  ','Cefuroxime',35,20,220.0000,252.0000,'2020-08-29','2022-03-30',1,'A',10),(39,'Dexogut','Dexlansoprazole',30,20,8.7000,10.0000,'2020-08-29','2022-04-30',1,'A',5),(40,'Doxofyl 200','Doxofyline',71,60,4.3500,5.0000,'2020-08-29','2022-04-30',1,'B6',10),(42,'Ebatin','Ebastine',29,50,7.0000,8.0000,'2020-08-29','2022-05-30',1,'A',10),(43,'Atrizin 15ml Drops','Cetirizine',32,5,21.7500,25.0000,'2020-08-29','2022-06-30',1,'A',1),(44,'Kalcoral D','Calcium+vitamin D3 ',29,60,9.0000,10.0000,'2020-08-29','2022-04-30',1,'D2',10),(45,'Kalcoral DX','Calcium+ vitamin D3',29,40,13.0500,15.0000,'2020-08-29','2022-05-30',1,'D2',15),(46,'Lindac 100mg','Sulindac',29,50,4.3500,5.0000,'2020-08-29','2022-01-02',1,'C2',10),(47,'Atrizin 60ml syrup','Cetirizine',38,5,26.1000,30.0000,'2020-08-29','2022-04-30',1,'A',1),(48,'Libdac 200','Sulindac',29,50,8.3000,9.5400,'2020-08-29','2023-05-30',1,'A',10),(49,'Axodin 120mg','Fexofenadine',71,136,6.0900,7.0000,'2020-08-29','2022-03-30',1,'A',5),(50,'M-lucas 10','Montelukast',71,57,13.0500,15.0000,'2020-08-29','2023-05-30',1,'D5',10),(51,'Axodin 180mg','Fexofenadine',71,90,7.8300,9.0000,'2020-08-29','2021-11-30',1,'A',5),(52,'Moxibac 400','Moxifloxacin',71,10,61.0000,70.0000,'2020-08-29','2023-04-30',1,'A',10),(53,'Azithrocin 500mg','Azithromycin',29,13,30.5457,35.1100,'2020-08-29','2022-02-20',1,'f',5),(54,'Naspro plus 375','Naproxen+ esomeprazole',71,30,7.0000,8.0000,'2020-08-29','2023-04-30',1,'C2',10),(55,'Bextram gold Tab 15 tab','Multivitamin and Multimineral',29,5,123.5000,142.5000,'2020-08-29','2022-06-20',1,'D3',1),(57,'Naspro plus500','Naproxen+esomeprazole',71,30,8.7000,10.0000,'2020-08-29','2023-05-30',1,'C2',10),(58,'Pegalin50','Pregabalin',71,50,12.6000,14.5000,'2020-08-29','2022-03-30',1,'C3',10),(59,'Bexitrol F HFA Inhaler','Salmetrol',37,4,691.6500,795.0000,'2020-08-29','2022-05-20',1,'A',1),(60,'Pegalin25','Pregabalin',71,50,8.7000,10.0000,'2020-08-29','2022-04-30',1,'C3',10),(61,'Progut20','Esomeprazole',29,171,6.0900,7.0000,'2020-08-29','2022-12-31',1,'A',10),(62,'Progut40','Esomeprazole',71,50,8.7000,10.0000,'2020-08-29','2022-12-31',1,'A',10),(63,'Bextram gold Tab 30 tab','Multivitamin and Multimineral',29,3,247.9500,285.0000,'2020-08-29','2022-06-02',1,'D3',1),(64,'Rabigut20','Rabeprazole',71,100,4.3500,5.0000,'2020-08-29','2022-05-30',1,'A',10),(65,'Betapro 5mg tab','Bisoprolol',71,150,8.7000,10.0000,'2020-08-29','2022-01-30',1,'C4',10),(66,'Vidalin Gold','Multivitamin+ multimineral',71,2,183.0000,210.0000,'2020-08-29','2022-05-30',1,'D4',1),(67,'D- Rise 20000','cholecalciferol',71,16,17.4000,20.0000,'2020-08-29','2022-06-20',1,'D2',1),(68,'Zemicef 200','Cefixime',71,28,30.4500,35.0000,'2020-08-29','2022-02-28',1,'A',10),(69,'Zemicef PFS 50ml','Cefixime',71,3,182.7000,210.0000,'2020-08-29','2022-03-30',1,'A',2),(70,'D- Rise 40000','cholecalciferol',71,10,30.4500,35.0000,'2020-08-29','2022-06-22',1,'D2',1),(71,'Zemicef PFS 30ml','Cefixime',71,3,117.4500,135.0000,'2020-08-29','2022-04-30',1,'A',2),(72,'Deflux 10mg','Domperidone',71,285,2.6000,3.0000,'2020-08-29','2022-06-22',1,'D1',1),(73,'Evo 500mg','Levofloxacin',71,44,13.9200,16.0000,'2020-08-29','2022-05-02',1,'A',1),(74,'Flubex-500','Flucloxacilin',71,150,3.1400,10.5000,'2020-08-29','2022-03-02',1,'A',1),(75,'Zibac PFS 35ml','Azithromycin',35,3,130.5000,150.0000,'2020-08-29','2022-04-30',1,'A',2),(76,'Flubex-250','Flucloxacilin',71,150,4.7800,5.5000,'2020-08-29','2022-02-02',1,'A',5),(77,'Zibac','Azithromycin',71,36,30.4500,35.0000,'2020-08-29','2023-03-30',1,'A',10),(78,'Flurium 5mg','Flunarizine',71,30,2.6100,3.0000,'2020-08-29','2020-12-02',1,'c3',1),(79,'Filmet 200','Metronidazole',71,175,1.3000,1.5000,'2020-08-29','2022-01-02',1,'A',1),(80,'Iprasol HFA Inhaler','a',71,5,217.5000,250.0000,'2020-08-29','2022-03-02',1,'A',1),(81,'Aritone Z syrup','Vitamin',71,5,48.0000,55.0000,'2020-08-29','2022-04-30',1,'A',5),(82,'Mucosol 100ml Syrup','Ambroxol Hydocloride',71,10,34.8000,40.0000,'2020-08-29','2022-06-02',1,'B1',1),(84,'Budicort 0.5mg','Budesonide',71,10,34.8000,40.0000,'2020-08-29','2022-03-30',1,'A',5),(85,'Napa 125 suppository','Paracitamol ',40,198,3.4800,4.0000,'2020-08-29','2022-05-02',1,'A',1),(86,'Beuflox 500mg','Ciprofloxacin',71,20,13.0500,15.0000,'2020-08-29','2022-02-28',1,'A',10),(87,'Napa 250 suppository','Paracitamol ',71,200,4.3500,5.0000,'2020-08-29','2022-05-02',1,'A',1),(88,'Napa 500 suppository','Paracitamol ',71,200,6.9600,8.0000,'2020-08-29','2022-08-02',1,'A',1),(89,'Barbit','Phenobarbitone',71,100,0.8700,1.0000,'2020-08-29','2022-04-30',1,'D5',10),(90,'Neostin HC Cream','Clotimazole',71,5,47.8500,55.0000,'2020-08-29','2022-06-02',1,'B5',1),(91,'Cefaclav250mg','Cefuroxime+ clavu',71,10,26.1000,30.0000,'2020-08-29','2022-05-30',1,'f',10),(92,'Cefaclav500mg','Cefu+clavu',71,12,43.5000,50.0000,'2020-08-29','2022-04-30',1,'F',10),(93,'Neofloxin 500mg Tab','Ciprofloxacin',71,250,13.0500,15.0000,'2020-08-29','2023-02-02',1,'A',1),(94,'Clindacin','Clindamycin',71,30,13.0500,15.0000,'2020-08-29','2023-03-30',1,'A',10),(95,'Napa Extend Tab','Paracitamol ',71,168,1.3050,1.5000,'2020-08-29','2022-06-02',1,'A',5),(96,'Cortan10','Prednisolone',71,200,2.8100,3.2300,'2020-08-29','2022-04-30',1,'C6',10),(97,'Napa 60ml Syrup','Paracitamol ',71,8,18.0090,20.0000,'2020-08-29','2022-06-02',1,'A',1),(98,'Napa','Paracitamol ',71,1816,0.8700,1.0000,'2020-08-29','2023-06-02',1,'A',10),(99,'Dancel shampoo','Ketoconazole',71,2,200.0000,230.0000,'2020-08-29','2022-04-30',1,'A',1),(100,'Neofloxin Eye Drops','Ciprofloxacin',71,20,34.8000,40.0000,'2020-08-29','2021-04-02',1,'B8',1),(101,'Disopan 0.5mg','Clonazepam',71,76,5.2200,6.0000,'2020-08-29','2022-03-30',1,'D5',10),(102,'Napadol 350mg','Paracitamol ',71,192,6.9600,8.0000,'2020-08-29','2022-06-02',1,'A',1),(103,'Emixef 200','Cefixime',71,0,30.4500,35.0000,'2020-08-29','2024-03-30',1,'A',5),(104,'Napa Drops 15ml','Paracitamol ',71,20,12.3700,14.0000,'2020-08-29','2022-06-02',1,'A',1),(105,'Esonix20','Es',71,140,4.4500,5.0000,'2020-08-29','2022-04-30',1,'A',5),(106,'Napa Rapid 500','Paracitamol ',71,510,0.8700,1.0000,'2020-08-29','2022-06-02',1,'A',10),(107,'Esonix40','Es',71,28,7.0000,8.0000,'2020-08-29','2022-02-28',1,'A',5),(108,'Econate plus cream','Econazole',33,15,41.7600,48.0000,'2020-08-29','2024-06-02',1,'B5',5),(109,'Opton 20 Cap','Esomiprazol',30,240,6.0900,7.0000,'2020-08-29','2022-02-02',1,'A',1),(110,'Neofloxin 250mg Tab','Ciprofloxacin',71,186,7.3900,8.0500,'2020-08-29','2022-11-02',1,'A',1),(111,'Fixocard25','Aml+Aten ',71,25,4.5600,5.2500,'2020-08-29','2022-05-30',1,'C4',5),(112,'Opton  tab 20','Esomiprazol',29,120,4.3500,5.0000,'2020-08-29','2022-04-02',1,'A',1),(113,'Fixocard50','Aml',71,50,5.2200,6.0000,'2020-08-29','2022-05-30',1,'C4',5),(114,'Opton 40','Esomiprazol',71,30,6.9600,8.0000,'2020-08-29','2022-01-02',1,'A',1),(115,'Fenofex120','Fex',71,50,7.0000,8.0000,'2020-08-29','2022-03-30',1,'A',5),(116,'Fenofex60','Fex',71,30,3.0500,3.5000,'2020-08-29','2022-02-28',1,'A',5),(117,'Omastin 150mg Tab','Fluconazole',71,20,19.1400,22.0000,'2020-08-29','2023-03-02',1,'A',1),(118,'Fenofex180','Fex',71,20,7.8300,9.0000,'2020-08-29','2022-02-28',1,'A',5),(119,'Omastin 50mg Tab','Fluconazole',71,47,6.9600,8.0000,'2020-08-29','2023-06-02',1,'A',1),(120,'Levoxin500','Levo',71,30,13.0500,15.0000,'2020-08-29','2023-02-02',1,'A',5),(121,'Odrel Plus 75mg','Clopidogrel',71,60,10.4400,12.0000,'2020-08-29','2022-05-02',1,'D6',1),(122,'Odrel 75mg','Clopidogrel',71,60,10.4400,12.0000,'2020-08-29','2022-04-02',1,'D6',1),(123,'Olmesan 10mg Tab','Omlesartan',71,90,5.2200,6.0000,'2020-08-29','2022-03-02',1,'C4',1),(124,'Olmesan 20mg Tab','Omlesartan',71,75,8.7000,10.0000,'2020-08-29','2022-01-02',1,'C4',1),(125,'Olmesan 40mg Tab','Omlesartan',71,90,15.6600,18.0000,'2020-08-29','2022-04-02',1,'C4',1),(126,'Olmesan Plus 20mg Tab','Omlesartan',71,90,8.7000,10.0000,'2020-08-29','2022-06-02',1,'C4',1),(127,'Prosan 25mg','Losartan Potasium',71,120,3.9150,4.5000,'2020-08-29','2021-11-02',1,'C4',1),(128,'Prosan 50mg','Losartan Potasium',71,120,6.9600,8.0000,'2020-08-29','2022-03-03',1,'C4',1),(129,'Linatab 5mg Tab','lina',71,30,15.6600,18.0000,'2020-08-29','2023-05-02',1,'B3',5),(130,'Pentobex 20mg','Pentoprazole',29,10,4.3500,5.0000,'2020-08-29','2022-06-02',1,'A',1),(131,'Montair10','Mon',71,90,13.0500,15.0000,'2020-08-29','2023-02-28',1,'D5',5),(132,'Mucolyt syrup','Bro',71,10,34.8000,40.0000,'2020-08-29','2022-05-30',1,'A',1),(133,'Relentus 2mg','Tizanidine',71,60,4.3500,5.0000,'2020-08-29','2022-06-02',1,'C2',1),(134,'Triocim 200 Tab','Cefixim',71,48,30.4500,35.0000,'2020-08-29','2022-04-02',1,'A',1),(135,'Turbocef 500mg','Cefuroxime',71,507,39.1500,45.0000,'2020-08-29','2020-11-02',1,'A',1),(136,'Turbocef 250mg','Cefuroxime',71,14,21.7500,25.0000,'2020-08-29','2021-11-02',1,'f',1),(137,'Myolax50','Tolperisone',29,121,6.0900,7.0000,'2020-08-29','2022-04-30',1,'C2',5),(138,'Triocim 50ml Syrup','Cefixim',71,4,182.7000,210.0000,'2020-08-29','2022-05-02',1,'A',1),(141,'Tofen 100ml Syrup','Kitotifen',71,13,56.5500,65.0000,'2020-08-29','2022-04-02',1,'B1',5),(142,'Tofen 1mg','Ketotifen',71,570,2.6100,3.0000,'2020-08-29','2023-06-02',1,'B6',10),(143,'Triocim 400 Cap','Cefixim',71,18,43.5000,50.0000,'2020-08-29','2022-04-02',1,'A',1),(145,'Omidon drop','Dom',71,9,22.0000,25.0000,'2020-08-29','2023-06-02',1,'D1',5),(146,'Turboclav 250','Cefuroxime',71,60,26.1000,30.0000,'2020-08-29','2022-03-02',1,'A',1),(147,'Turboclav 500','Cefuroxime',71,40,43.5000,50.0000,'2020-08-29','2022-04-02',1,'F',1),(148,'Omidon Sus','Dom',71,10,30.4500,35.0000,'2020-08-29','2023-05-30',1,'D1',5),(149,'Omidon 10 mg','Dom',71,8,2.6100,3.0000,'2020-08-29','2025-05-30',1,'D1',5),(150,'Xidolac Meltab 10mg','Ketorolac',29,28,10.4400,12.0000,'2020-08-29','2022-06-30',1,'C2',2),(151,'Osartil25','LS',71,50,3.9100,4.5000,'2020-08-29','2025-05-30',1,'C4',5),(152,'Osartil50','LS',71,10,7.0000,8.0000,'2020-08-29','2022-05-30',1,'C4',5),(153,'Xidolac 10mg','Ketorolac',29,20,8.7000,10.0000,'2020-08-29','2021-12-02',1,'C2',5),(154,'Zolfin 100mg','Aceclofenac',71,200,3.4800,4.0000,'2020-08-29','2022-06-02',1,'C4',1),(155,'Osartil 50 plus','Ls',71,20,7.0000,8.0000,'2020-08-29','2022-05-30',1,'C4',5),(156,'Proviten Gold','MV',71,5,248.0000,285.0000,'2020-08-29','2022-03-30',1,'D4',5),(157,'Dexaqua 1000','a',71,2,80.0400,92.0000,'2020-08-29','2023-05-02',1,'A',1),(158,'Pantonix20','PP',71,0,5.2200,6.0000,'2020-08-29','2022-05-30',1,'A',5),(159,'Dexoride saline','a',71,2,87.8700,101.0000,'2020-08-29','2023-04-02',1,'A',1),(160,'Koloride 1000','a',71,4,80.0400,96.0000,'2020-08-29','2023-04-02',1,'A',1),(161,'Pantonix40','PP',71,0,7.0000,8.0000,'2020-08-29','2024-03-30',1,'A',5),(162,'Saloride 1000','a',71,5,76.0900,87.3900,'2020-08-29','2022-11-02',1,'A',1),(163,'Reset500','Para',29,50,0.8700,1.0000,'2020-08-29','2023-03-02',1,'A',5),(164,'Reservix 100','AC',71,79,4.3500,5.0000,'2020-08-29','2025-05-30',1,'C2',5),(165,'Windel plus NS','Sal',71,0,17.4000,20.0000,'2020-08-29','2022-01-30',1,'A',5),(166,'Antoris MR 35mg','Trimetazidine',71,30,5.2400,6.0200,'2020-08-30','2022-05-02',1,'D6',1),(167,'Amilin 10mg','Amitriptyline',71,112,0.7340,0.8500,'2020-08-30','2022-06-02',1,'C3',1),(168,'Algin 50mg','TM',29,175,7.0000,8.0000,'2020-08-30','2022-06-30',1,'C2',10),(169,'Avas 10mg','Atorvastatin',71,392,8.7600,10.0700,'2020-08-30','2022-04-02',1,'C5',1),(170,'Algin syp 50ml','TM',38,6,48.0000,55.0000,'2020-08-30','2022-05-30',1,'A',2),(172,'Bislol 5mg','Bisoprolol Hemifumarate',71,28,8.7600,10.0700,'2020-08-30','2022-04-02',1,'C4',1),(173,'Bopam 3mg','Bromazepam',71,40,3.4800,4.0000,'2020-08-30','2022-05-02',1,'D5',1),(174,'Bislol 2.5mg','Bisoprolol Hemifumarate',71,56,5.2600,6.0400,'2020-08-30','2022-04-02',1,'C4',1),(175,'Algin 100ml','TM',38,6,78.0000,90.0000,'2020-08-30','2022-06-30',1,'A',2),(176,'Calnor 5/20mg','Amlodopine Omlesartan',71,378,10.4400,12.0000,'2020-08-30','2022-04-02',1,'C4',10),(177,'Cildip 5mg','Cilnidipine INN',71,70,6.0900,7.0000,'2020-08-30','2022-04-02',1,'B3',1),(179,'Fluxit 10mg','flupentixol',71,50,4.3600,5.0200,'2020-08-30','2022-04-02',1,'C3',1),(180,'Cildip 10mg','Cilnidipine INN',71,28,7.8300,9.0000,'2020-08-30','2022-04-02',1,'B3',1),(181,'Calcin-D 15','Cal',71,5,91.3500,105.0000,'2020-08-30','2022-05-30',1,'D2',1),(182,'CalcinD 30','Cal',71,5,182.7000,210.0000,'2020-08-30','2022-05-30',1,'D2',1),(185,'Glizid 80mg','Gliclazide',71,30,6.2400,7.0200,'2020-08-30','2023-04-02',1,'B3',5),(186,'Calcin D Tab','Cal',71,30,6.0900,7.0000,'2020-08-30','2022-06-30',1,'D2',5),(187,'Halop 5mg','Haloperidol',71,100,0.8700,1.0000,'2020-08-30','2022-06-02',1,'C8',1),(188,'Kdrin 5mg','Procyclidine',71,100,0.8700,1.0000,'2020-08-30','2022-04-02',1,'C8',1),(189,'Denixil0.5','Cl',71,50,5.2200,6.0000,'2020-08-30','2022-05-30',1,'D5',5),(190,'Met 500mg','Metformin Hydocloryde',71,0,3.4800,4.0000,'2020-08-30','2022-07-02',1,'B3',5),(191,'Desolon','Hormonal',71,24,91.3500,105.0000,'2020-08-30','2023-05-30',1,'D6',5),(192,'Olsart 20mg','Omlesartan',71,30,7.8300,9.0000,'2020-08-30','2022-01-02',1,'C4',1),(193,'Domiren','Domperidon',71,275,2.6100,3.0000,'2020-08-30','2022-05-30',1,'D1',5),(194,'Opsonil 100mg','Chlorpromazine',71,100,0.8700,1.0100,'2020-08-30','2022-06-02',1,'C8',1),(195,'Domiren sus','Dom',71,10,30.4500,35.0000,'2020-08-30','2022-06-30',1,'D1',5),(196,'Emcon','Hor',71,11,60.0000,70.0000,'2020-08-30','2023-03-02',1,'D6',5),(197,'Rames  1.25mg','Ramipril',71,50,2.1800,2.5100,'2020-08-30','2022-05-02',1,'A',1),(198,'Fenadin120','Fexo',71,97,6.9600,8.0000,'2020-08-30','2022-06-30',1,'A',5),(199,'Rames  2.50mg','Ramipril',29,10,4.3800,5.0300,'2020-08-30','2021-08-02',1,'A',1),(200,'Fenadin60','fex',71,30,3.0500,3.5000,'2020-08-30','2022-04-30',1,'A',5),(201,'Fenadin180','Fex',71,20,8.7000,10.0000,'2020-08-30','2022-05-30',1,'A',5),(202,'Sitadus 100mg','Sitagliptin',71,30,25.1400,28.0800,'2020-08-30','2021-11-02',1,'B3',10),(203,'Vildamet 50/500mg','Vidagliptin INN',71,20,19.2500,22.0600,'2020-08-30','2022-04-02',1,'B3',1),(204,'Fenadin susp','Fex',71,5,41.7600,48.0000,'2020-08-30','2022-06-30',1,'A',5),(205,'Acizin 250mg','Azithromycin',29,10,21.7500,25.0000,'2020-08-30','2022-04-02',1,'A',1),(206,'Furocef500','Cefu',71,24,39.2900,45.1700,'2020-08-30','2022-03-30',1,'F',5),(207,'Azicin 250mg','Azithromycin',71,21,21.7500,25.0000,'2020-08-30','2022-04-02',1,'F',1),(208,'Azicin 500mg','Azithromycin',71,42,30.3400,35.0000,'2020-08-30','2022-04-02',1,'F',1),(209,'Furocef250','Cefu',71,36,22.6500,26.0000,'2020-08-30','2022-03-02',1,'A',5),(210,'Beklo 10mg','Baclofen',71,40,8.2600,9.5000,'2020-08-30','2022-05-02',1,'A',1),(211,'Beklo 25mg','Baclofen',71,20,17.5200,20.1400,'2020-08-30','2021-07-02',1,'A',1),(212,'Clavusef 500mg','Cefuroxime',71,52,43.6300,50.1500,'2020-08-30','2022-04-02',1,'F',1),(213,'Domin 10mg','Domperidone',71,1523,2.6100,3.0000,'2020-08-30','2022-04-02',1,'D1',10),(214,'Clavusef 250mg','Cefuroxime',71,96,28.7100,33.0000,'2020-08-30','2022-06-02',1,'F',1),(215,'Furocef PFS','cef',35,20,195.0000,225.0000,'2020-08-30','2021-08-02',1,'A',5),(216,'Furoclav250','Cef',71,7,26.0000,30.0000,'2020-08-30','2022-04-30',1,'A',5),(217,'Furoclav 500mg Tab','cef',30,32,43.0000,50.0000,'2020-08-30','2022-05-30',1,'f',5),(218,'Esotide 20mg Tab','Esomiprazol',71,294,4.3500,5.0300,'2020-08-30','2022-05-02',1,'A',1),(219,'Esotide 40mg Cap','Esomiprazol',71,60,8.7000,10.0000,'2020-08-30','2022-03-02',1,'A',1),(220,'Pase 1mg','Clonazepam',29,0,6.9600,8.0000,'2020-08-30','2022-03-02',1,'D5',2),(221,'Pase 0.5mg','Clonazepam',71,200,5.2200,6.0000,'2020-08-30','2022-04-02',1,'D5',1),(222,'Renova 500mg','Paracitamol ',71,250,0.8700,1.0000,'2020-08-30','2023-07-02',1,'A',1),(223,'Renova XR 665mg','Paracitamol ',71,456,1.3100,1.5100,'2020-08-30','2022-06-02',1,'A',10),(224,'Levoking500mg','Levofloxacin',71,30,13.1000,15.0600,'2020-08-30','2022-04-30',1,'A',5),(225,'Solas 100mg','Mebendazole',29,138,1.0000,1.1500,'2020-08-30','2023-05-02',1,'C6',5),(226,'Trilock 10mg','Muntilucast',71,98,13.9200,16.0000,'2020-08-30','2023-03-02',1,'D5',1),(227,'Lucan R','Fl',71,50,7.0000,8.0300,'2020-08-30','2022-04-30',1,'A',5),(228,'Vergon 5mg','Prochlorperazine',71,1330,0.4000,0.4600,'2020-08-30','2023-06-02',1,'c3',1),(229,'Maxpro 20 cap','EP',30,630,6.0900,7.0000,'2020-08-30','2022-06-30',1,'A',10),(230,'Maxpro 20 tab','Es',29,480,6.0900,7.0000,'2020-08-30','2022-05-30',1,'A',10),(231,'Maxpro40 cap','Es',30,50,8.7000,10.0000,'2020-08-30','2022-06-02',1,'A',5),(232,'Maxpro Mups 20mg','Es',71,112,8.7000,10.0000,'2020-08-30','2022-07-30',1,'A',5),(233,'Neurobest','Vitamin',71,170,7.0000,8.0000,'2020-08-30','2022-05-30',1,'D3',5),(234,'Esotide 20mg Cap','Esomiprazol',71,270,6.0900,7.0000,'2020-08-30','2022-06-02',1,'A',6),(237,'Normens','Horm',71,285,5.2200,6.0000,'2020-08-30','2023-06-02',1,'D6',5),(238,'Finix 20mg Cap','Rabeprazole',30,270,6.0900,7.0000,'2020-08-30','2022-04-02',1,'A',1),(239,'Odmon10','Mon',71,30,13.0500,15.0000,'2020-08-30','2022-05-30',1,'D5',5),(240,'Finix 20 mg tab','Rabeprazole',29,712,6.0900,7.0000,'2020-08-30','2022-05-02',1,'A',5),(241,'Orcef200','cef',29,52,30.4500,35.0000,'2020-08-30','2022-03-30',1,'A',2),(242,'Flux 500mg Cap','Flucloxacilin',71,168,9.3700,10.5700,'2020-08-30','2022-07-02',1,'F',5),(243,'Indomet 25mg Cap','Indometthacin',30,1100,0.8700,1.0000,'2020-08-30','2023-06-02',1,'A',5),(244,'Orcef PFS','cef',71,5,170.0000,196.0000,'2020-08-30','2021-11-02',1,'A',5),(245,'Moxin 500mg Cap','Amoxicillin',71,0,5.8300,6.7600,'2020-08-30','2022-06-02',1,'F',1),(246,'Renxit','Fp',71,88,4.4500,5.0000,'2020-08-30','2022-06-30',1,'c3',5),(247,'Oditen 400mg Cap','Ceftibuten',71,12,104.3700,120.3700,'2020-08-30','2022-04-02',1,'A',1),(248,'Taven10','Atoro',71,30,10.4400,12.0000,'2020-08-30','2022-06-30',1,'C5',5),(249,'Pregaba 25mg Cap','Pregabalin ',71,30,8.7000,10.0000,'2020-08-30','2022-03-02',1,'C3',1),(250,'Zithrin500','AZ',71,138,30.4500,35.0000,'2020-08-30','2022-05-30',1,'A',5),(251,'Pregaba 50mg Cap','Pregabalin ',71,30,12.6100,14.5000,'2020-08-30','2022-04-02',1,'C3',1),(252,'Pregaba 75mg Cap','Pregabalin ',30,0,12.6600,18.0000,'2020-08-30','2022-02-02',1,'C3',2),(253,'Boxol 100ml Syrp','Ambroxol Hydocloride',71,12,40.0000,46.0000,'2020-08-30','2022-05-02',1,'A',2),(254,'Flustar500','Fluclox',71,103,8.7000,10.0000,'2020-08-30','2021-11-30',1,'f',5),(255,'Famiclav250','Cef',71,14,26.1000,30.0000,'2020-08-30','2021-10-30',1,'A',5),(256,'Renova suspension','Paracitamol ',35,7,18.0000,20.7000,'2020-08-30','2023-04-02',1,'A',1),(257,'Renova syp','Paracitamol ',38,0,18.0000,20.7000,'2020-08-30','2021-06-02',1,'A',1),(258,'Famiclav500','Cef',71,514,43.5000,50.0000,'2020-08-30','2021-09-30',1,'A',5),(259,'Zovia kids 100 ml syrp','Multivitamin ',71,6,78.3000,90.0000,'2020-08-30','2022-06-02',1,'C1',1),(260,'Maxima20','es',71,249,4.3500,5.0000,'2020-08-30','2022-04-30',1,'A',5),(261,'Azicin 20ml syrp','Azithromycin',71,12,87.0000,100.0000,'2020-08-30','2022-03-02',1,'A',1),(262,'Monas10','MT',71,86,14.0000,16.0000,'2020-08-30','2023-06-30',1,'D5',5),(263,'Azicin 35ml syrp','Azithromycin',71,12,121.8000,140.0000,'2020-08-30','2022-04-02',1,'A',1),(264,'Don A','dom',71,142,2.7400,3.1500,'2020-08-30','2023-02-28',1,'D1',5),(265,'Ceftid 37.5ml syrp','Cefixim',71,3,115.0000,130.8800,'2020-08-30','2022-02-02',1,'A',1),(266,'Salflu250 rotacap','sal',71,150,10.4400,12.0000,'2020-08-30','2022-06-30',1,'A',5),(267,'Ciprox DS Suspension','Ciprofloxacin',35,11,87.0000,100.3000,'2020-08-30','2022-06-02',1,'A',2),(268,'Clavusef 70ml suspension','Cefuroxime',71,12,220.0000,252.7500,'2020-08-30','2022-05-02',1,'F',1),(269,'MOxin 100ml Suspension','Amoxicillin',35,10,41.4200,47.6100,'2020-08-30','2023-05-02',1,'A',1),(270,'Acme  dextrose','5%DA',34,10,80.0000,92.0000,'2020-08-30','2022-06-30',1,'A',5),(271,'Oditen 60 ml suspension','Ceftibuten',71,2,418.8500,481.4400,'2020-08-30','2022-03-02',1,'A',1),(272,'Acme Dextrose N','5%DNS',34,20,88.0400,101.0000,'2020-08-30','2021-12-30',1,'A',5),(273,'Fix-A200','cef',71,14,30.4500,35.0000,'2020-08-30','2022-04-30',1,'A',5),(274,'Nosomist Nasal Drops','a',71,10,17.4000,20.0000,'2020-08-30','2022-05-02',1,'B8',1),(275,'Nosomist Nasal Spray','a',71,4,85.5100,98.2300,'2020-08-30','2022-06-02',1,'B8',1),(276,'Fix A drop','cef',71,11,87.2600,101.0000,'2020-08-30','2022-03-30',1,'A',5),(277,'Ceftid 200mg Cap','Cefixim',71,84,30.5400,35.1100,'2020-08-30','2022-05-02',1,'A',1),(278,'A-Flox250','Fl',71,48,5.0000,6.0000,'2020-08-30','2023-06-30',1,'f',5),(279,'A-Flox500','fl',29,20,9.2046,10.5800,'2020-08-30','2023-06-30',1,'A',5),(280,'Ostogen Coral D Tab','a',71,180,8.7000,10.0000,'2020-08-30','2021-08-02',1,'D2',1),(281,'Azin250','Az',71,6,21.0000,25.0800,'2020-08-30','2023-03-30',1,'F',5),(282,'Maxima40 cap','Es',71,40,8.7000,10.0000,'2020-08-30','2022-05-30',1,'A',5),(283,'Xyril 10 mg Tab','Hydroxine hydocloride',71,200,1.0870,1.2500,'2020-08-30','2022-04-02',1,'A',50),(284,'Xyril 25 mg Tab','Hydroxine hydocloride',71,200,1.7400,2.0000,'2020-08-30','2022-04-02',1,'A',1),(285,'PPI 20','om',71,126,4.3500,5.0000,'2020-08-30','2022-12-30',1,'A',5),(286,'Lorix 30 gm Cream','a',71,3,48.1700,55.3700,'2020-08-30','2023-07-02',1,'B5',1),(287,'Fix-A DS400mg','cefi',71,14,43.8000,51.0000,'2020-08-30','2022-03-30',1,'A',5),(288,'Daomin500','Met',71,100,3.4800,4.0000,'2020-08-30','2023-06-30',1,'B3',5),(289,'Supermom Baby Diaper Small','a',71,6,100.0000,115.0000,'2020-08-30','2023-06-02',1,'A',1),(290,'Cipro-A250','cip',71,30,7.4400,9.0000,'2020-08-30','2023-05-30',1,'A',5),(291,'Supermom Baby Diaper Large','a',71,6,100.0000,115.0000,'2020-08-30','2023-06-02',1,'A',1),(292,'Cipro500','cip',71,20,13.0500,15.0000,'2020-08-30','2023-06-30',1,'A',5),(293,'Supermom Baby Diaper Medium','a',71,12,100.0000,115.0000,'2020-08-30','2023-06-02',1,'A',1),(294,'Daomin850','met',71,40,5.2200,6.0000,'2020-08-30','2022-05-30',1,'B3',5),(295,'Senura Confidence  Wings','a',71,6,104.4000,120.0000,'2020-08-30','2022-07-02',1,'A',1),(296,'Fast','para',71,1000,0.8700,1.0000,'2020-08-30','2023-05-30',1,'E4',50),(297,'Senura Napkin (Belt system)','a',71,24,87.0000,100.0000,'2020-08-30','2023-07-02',1,'A',1),(298,'Famicef250','cef',71,20,21.8900,25.1700,'2020-08-30','2022-05-30',1,'A',5),(299,'Senura Napkin (Penty System)','a',71,21,87.0000,100.0000,'2020-08-30','2023-06-02',1,'A',2),(300,'Femicef500','cef',29,58,39.4000,45.2900,'2020-08-30','2022-04-30',1,'A',5),(301,'Sepnil Sanitizer','a',71,6,69.6600,80.0000,'2020-08-30','2022-07-02',1,'A',1),(302,'Monas5','Mon',71,18,7.0200,8.0700,'2020-08-30','2023-04-30',1,'D5',5),(303,'Monas4','Mon',71,30,5.2500,6.0400,'2020-08-30','2023-04-30',1,'D5',5),(304,'Trialon Inj','a',71,2,65.6600,75.2500,'2020-08-30','2022-07-02',1,'C2',1),(305,'Periset8','ond',71,30,9.0000,10.3000,'2020-08-30','2022-06-30',1,'A',5),(306,'Betabis5','Bis',71,30,8.7000,10.0000,'2020-08-30','2022-04-30',1,'c4',5),(307,'Fast XR','per',71,80,1.3100,1.5100,'2020-08-30','2022-04-30',1,'E4',5),(308,'Alanil180','fex',71,30,8.7000,10.0000,'2020-08-30','2022-04-30',1,'A',5),(309,'Alanil120','fex',71,30,7.0000,8.0000,'2020-08-30','2022-03-30',1,'A',5),(310,'Betavate-N Cream','a',33,5,19.1400,22.0000,'2020-08-30','2022-07-02',1,'B5',1),(311,'Losart50','ls',71,50,7.0000,8.0300,'2020-08-30','2023-04-30',1,'C4',5),(312,'Betavate-CL Cream','a',71,5,25.2300,29.0000,'2020-08-30','2022-07-02',1,'B5',2),(313,'Azin500','Az',71,12,30.5400,35.1100,'2020-08-30','2023-06-30',1,'F',5),(314,'Clopid- As','Clopidogrel',71,150,10.4800,12.0500,'2020-08-30','2022-06-02',1,'C5',1),(315,'Clopid Tab','Clopidogrel',71,140,10.8700,12.0500,'2020-08-30','2022-06-02',1,'C5',1),(316,'Betabis2.5','bs',71,16,5.2200,6.0100,'2020-08-30','2022-04-30',1,'C4',5),(317,'Betaloc-25 Tab','Metoprolol',71,98,1.3600,1.5500,'2020-08-30','2022-06-02',1,'C4',1),(318,'Cod Liver Oil Capsule','a',71,300,1.7400,2.0000,'2020-08-30','2022-07-02',1,'A',1),(319,'Ace125supp','p',71,40,3.5000,4.0300,'2020-08-30','2022-02-28',1,'A',5),(320,'Ace 250supp','para',71,40,4.3800,5.0300,'2020-08-30','2022-02-28',1,'A',5),(321,'Cosec 20mg Cap','Omeprazole',71,50,4.3800,5.0400,'2020-08-30','2022-06-02',1,'A',5),(322,'Ace500 supp','para',71,20,7.0000,8.0600,'2020-08-30','2021-12-30',1,'A',5),(323,'Azimex 500mg Tab','Azithromycin',71,10,30.6000,35.1500,'2020-08-30','2023-06-02',1,'A',1),(324,'Ace drop','para',71,18,18.0000,20.7000,'2020-08-30','2023-03-30',1,'E4',5),(325,'Demoxiclave 625 Tab','Amoxicillin',71,21,24.4400,28.1000,'2020-08-30','2021-09-02',1,'A',2),(326,'Ace power','para',71,200,1.3000,1.5000,'2020-08-30','2022-04-30',1,'E4',5),(327,'Dicaltrol ','Calcitrol',71,0,8.7000,10.0000,'2020-08-30','2022-05-02',1,'D2',1),(328,'Ace sus 60ml','para',71,16,18.0000,20.7000,'2020-08-30','2022-04-30',1,'A',5),(329,'Dlac Syrup 50ml','Lactolose',38,5,61.1100,70.2500,'2020-08-30','2022-07-02',1,'A',2),(330,'Ace syp100ml','p',71,10,27.7300,31.8800,'2020-08-30','2023-04-30',1,'A',5),(331,'Dlac Syrup 100ml','Lactolose',71,4,113.1000,130.0000,'2020-08-30','2022-06-02',1,'A',1),(332,'Ace syp60ml','para',71,16,18.0000,20.7000,'2020-08-30','2023-04-30',1,'A',5),(333,'Ace Tab','para',71,870,0.8700,1.0000,'2020-08-30','2022-06-30',1,'E4',5),(334,'Dialiptin-M 500','Metformin Hydocloryde',71,14,13.9600,16.0500,'2020-08-30','2022-06-02',1,'B3',1),(335,'Adovas syp 100ml','Herval',71,11,56.5500,65.0000,'2020-08-30','2022-04-30',1,'B7',5),(336,'Dimerol MR 60 Tab','Gliclazide',71,20,8.7000,10.0000,'2020-08-30','2022-05-02',1,'B3',5),(337,'Adovas 200ml','herval',71,2,91.3500,105.0000,'2020-08-30','2022-04-30',1,'B7',1),(338,'Dialiptin-Tab','Gliclazide',29,10,6.1300,7.0500,'2020-08-30','2023-06-02',1,'A',1),(339,'Adryl 100ml','DH',71,6,35.0000,40.1300,'2020-08-30','2022-05-30',1,'A',5),(340,'Dimerol MR 30 Tab','Gliclazide',71,56,5.2600,6.0500,'2020-08-30','2022-07-02',1,'B3',10),(341,'Afun1%cream','Ct',71,12,30.5400,35.1100,'2020-08-30','2024-06-30',1,'B5',5),(342,'Divastin 10mg Tab','Atorvastatin',71,56,9.5700,11.0000,'2020-08-30','2023-07-02',1,'C5',1),(343,'Afun VT','CT',71,12,17.4500,20.0600,'2020-08-30','2022-05-30',1,'D7',5),(344,'Divastin 20mg Tab','Atorvastatin',71,28,15.7500,18.1000,'2020-08-30','2023-07-02',1,'C5',1),(345,'E-cap','Vitamen E',71,280,3.9100,4.5000,'2020-08-30','2022-06-02',1,'D4',1),(346,'Alatrol drop','CH',32,20,21.8100,25.0800,'2020-08-30','2022-05-30',1,'A',5),(347,'E-cap plus Capsul','Vitamen E',71,60,3.9100,4.5000,'2020-08-30','2022-07-02',1,'D4',7),(348,'Alatrol syrup60ml','para',38,16,26.1800,30.1000,'2020-08-30','2023-07-30',1,'A',2),(349,'E-cap 400','Vitamen E',71,156,5.6500,6.5000,'2020-08-30','2022-07-02',1,'D4',1),(350,'Alatrol  tab','CH',29,443,2.6000,3.0000,'2020-08-30','2024-04-30',1,'A',20),(351,'Ambrox drop','AB',71,12,30.4500,35.0000,'2020-08-30','2022-04-30',1,'B1',2),(352,'Ambrox 100ml syp','ab',71,18,43.5000,50.0000,'2020-08-30','2023-05-30',1,'B1',5),(353,'Ferozi-CI Cap','Iron',71,0,3.0450,3.5000,'2020-08-30','2022-06-02',1,'D7',1),(354,'Ferozi Cap','Iron',71,60,2.6100,3.0000,'2020-08-30','2022-06-02',1,'D7',1),(355,'Amodis400','MT',71,360,1.0700,1.2300,'2020-08-30','2023-06-30',1,'A',10),(356,'Amodis500','MT',71,63,1.7400,2.0000,'2020-08-30','2022-06-30',1,'A',5),(357,'Amodis sus','Mt',71,10,26.0000,29.8900,'2020-08-30','2023-05-30',1,'A',5),(358,'Famotid 20mg Tab','Famotidine',71,122,1.7400,2.0500,'2020-08-30','2022-07-02',1,'A',1),(359,'Anadol 100 supo','TH',71,20,13.0500,15.0100,'2020-08-30','2022-03-30',1,'A',5),(360,'Anadol SR','TH',71,30,10.5100,12.0900,'2020-08-30','2021-11-30',1,'A',5),(361,'Furex 250mg Tab','Cefuroxime',71,14,21.8300,25.1000,'2020-08-30','2022-06-02',1,'A',1),(362,'Anadol 50 mg','TH',71,88,7.0200,8.0700,'2020-08-30','2022-10-30',1,'C2',5),(363,'Fuclav-250mg Tab','Cefuroxime',71,14,26.1900,30.1000,'2020-08-30','2021-10-02',1,'F',5),(364,'Anclog75','CP',71,80,10.4600,12.0300,'2020-08-30','2022-04-30',1,'D6',5),(365,'Gynomix Cap','Soft Gelatin ',71,30,21.7500,25.0000,'2020-08-30','2022-07-02',1,'D7',1),(366,'Anclog plus','Cp',71,80,10.5600,12.0300,'2020-08-30','2022-06-30',1,'D6',5),(367,'Limpet-1','Glimepride',71,56,2.6500,3.0500,'2020-08-30','2022-06-02',1,'B3',10),(368,'Limpet-2','Glimepride',71,56,4.3900,5.0500,'2020-08-30','2022-06-02',1,'B3',10),(369,'Limpet-3','Glimepride',71,28,6.3900,7.0500,'2020-08-30','2022-06-02',1,'B3',10),(370,'Limpet-4','Glimepride',71,14,7.8700,9.0500,'2020-08-30','2022-06-02',1,'B3',10),(371,'Anema 133 ml','MS',71,2,217.5000,250.0000,'2020-08-30','2022-04-30',1,'A',1),(372,'Angilock25','LT',71,40,4.0000,4.5100,'2020-08-30','2022-04-30',1,'C4',5),(373,'Angilock50','LT',71,200,7.0000,8.0300,'2020-08-30','2023-05-30',1,'C4',5),(374,'Anril  spray','GTN',45,3,188.3100,216.4500,'2020-08-30','2022-04-30',1,'D6',1),(377,'Antazol. 05%','XH',71,23,9.6000,11.0400,'2020-08-31','2023-05-30',1,'B8',5),(378,'Anzitor10','At',71,100,10.4400,12.0000,'2020-08-31','2022-04-30',1,'C5',5),(379,'B-50 Forte Cap','Vitamin',71,480,1.0800,1.2500,'2020-08-31','2022-04-30',1,'D2',5),(380,'Bactrocin 2% oint','Mp',71,9,122.1600,140.4200,'2020-08-31','2022-04-30',1,'B5',5),(381,'Losardil 50mg Tab','Losartan',71,28,7.0000,8.0500,'2020-08-31','2023-07-02',1,'C4',1),(382,'Benoster M wash','BH',54,1,130.5000,150.0000,'2020-08-31','2022-06-30',1,'A',5),(383,'Betameson N cream','BN',71,5,30.4500,35.0000,'2020-08-31','2022-06-30',1,'B4',5),(384,'Microdream-gel','miconazole',71,5,52.2000,60.0000,'2020-08-31','2022-07-02',1,'B5',1),(385,'Bicozin 100ml','Vitamin',29,29,47.8500,55.0000,'2020-08-31','2022-05-30',1,'A',5),(387,'M-KAST 10mg  tab','Montelucast',71,69,12.1800,14.0000,'2020-08-31','2022-06-02',1,'D5',10),(388,'M-KAST 4mg  tab','Montelucast',71,42,4.7800,5.5000,'2020-08-31','2022-04-02',1,'D5',1),(389,'M-KAST 5mg  tab','Montelucast',71,42,6.5300,7.5000,'2020-08-31','2022-04-02',1,'D5',1),(390,'Bicozin200ml','Vitamin',71,6,82.6500,95.0000,'2020-08-31','2022-06-30',1,'D3',1),(391,'Bisocor Plus2.5/6.25','BF',71,30,5.2100,6.0200,'2020-08-31','2022-05-30',1,'C4',5),(392,'Burna cream','SS',71,10,52.2000,60.0000,'2020-08-31','2022-06-30',1,'B4',5),(393,'Nidocard 2.6mg tab','Nitroglycerin',71,112,4.3500,5.0000,'2020-08-31','2022-07-02',1,'D6',1),(395,'Nidocard Spray','Glyceryl',71,5,218.1500,250.7500,'2020-08-31','2022-07-02',1,'D6',1),(396,'Calbo D','Calcium',29,8,182.7000,210.0000,'2020-08-31','2022-06-30',1,'D4',5),(397,'Camlodin 5mg','Amlodipine',71,29,4.3500,5.0000,'2020-08-31','2023-04-30',1,'C4',5),(398,'Oramet 500mg Tab','Metformin',71,50,3.4800,4.0000,'2020-08-31','2023-06-02',1,'B3',1),(399,'Camlodin plus 25','Aml',71,30,2.1800,2.5100,'2020-08-31','2021-12-31',1,'C4',5),(401,'Oramet 850mg Tab','Metformin',71,50,4.3500,5.0000,'2020-08-31','2023-07-02',1,'B3',1),(403,'Camlodin plus 50','Am',71,94,5.2300,6.0200,'2020-08-31','2022-05-30',1,'C4',5),(404,'Ornid  500mg Tab','Ornidazole INN',71,50,6.1200,7.0400,'2020-08-31','2023-05-02',1,'A',1),(405,'Camlosart5/20','A',71,30,10.4400,12.0000,'2020-08-31','2022-05-30',1,'C4',5),(406,'Paridon','Domperidon 10mg Tab',71,98,2.1750,2.5000,'2020-08-31','2023-07-02',1,'D1',1),(407,'Pansec 20mg ','Pantoprazole',71,56,4.3500,5.0000,'2020-08-31','2022-06-02',1,'A',1),(408,'Carva 75','Aspirin',71,390,0.4900,0.7500,'2020-08-31','2022-05-30',1,'D6',5),(409,'Pronex 20mg','Esomeprazole',71,56,4.3600,5.0500,'2020-08-31','2022-06-02',1,'A',1),(410,'Ceevit250','Vitamin',71,80,1.7400,2.0000,'2020-08-31','2022-06-30',1,'D3',5),(411,'Cef-3 200mg','Cefixime',71,28,28.0500,32.2500,'2020-08-31','2022-04-30',1,'A',5),(412,'Rabesec 20mg tab','Rabeprazole',71,56,4.3600,5.0300,'2020-08-31','2021-12-02',1,'A',1),(413,'Cef-3DS','Cef',71,26,43.8000,50.3500,'2020-08-31','2022-05-30',1,'A',5),(414,'Seacal-D Tab','Calcium ',71,1,8.7000,10.0000,'2020-08-31','2022-06-02',1,'D2',1),(415,'Seacal-DX Tab','Calcium ',71,28,10.4400,12.0000,'2020-08-31','2022-05-02',1,'D2',1),(416,'Cef-3 drop','Cefixime',71,6,87.2600,100.3000,'2020-08-31','2022-03-30',1,'A',5),(417,'Sliptin 50mg Tab','Sitagliptin',71,28,13.0900,15.0500,'2020-08-31','2023-05-02',1,'B3',1),(418,'Cef-3 50ml','Cef',35,5,183.2400,210.6300,'2020-08-31','2022-05-22',1,'A',5),(419,'Sliptin-M 500mg Tab','Sitagliptin',71,14,14.3500,16.0500,'2020-08-31','2022-06-02',1,'B3',1),(420,'Supravit-s ','Multivitamin',71,25,5.2600,6.0500,'2020-08-31','2022-04-02',1,'D2',1),(423,'Supra- B ','Vitamin',71,50,6.9600,8.0000,'2020-08-31','2022-07-02',1,'D2',1),(424,'Supravit-PN','Multivitamin',71,40,4.3900,5.0500,'2020-08-31','2022-07-02',1,'D2',1),(425,'Supravit-G','Multivitamin',71,50,5.2600,6.0500,'2020-08-31','2022-07-02',1,'D2',1),(426,'Supravit-M','Multivitamin',71,69,3.0880,3.5500,'2020-08-31','2022-07-02',1,'D2',1),(427,'Cef-30ml','Cef',71,11,117.8000,135.4000,'2020-08-31','2022-05-30',1,'A',5),(428,'T-Cef 400mg Cap','Cefixime',71,7,43.7700,50.2000,'2020-08-31','2022-04-02',1,'A',1),(429,'T-Cef 200mg Cap','Cefixime',71,11,30.4400,35.0000,'2020-08-31','2022-06-02',1,'A',1),(430,'Cefotil 250','Cefu',71,0,21.9000,25.1700,'2023-05-31','2022-01-02',1,'A',5),(431,'Cefutil plus250','Cefu',29,30,26.1800,30.1000,'2020-08-31','2021-10-30',1,'A',5),(432,'Cefutil plus500','Cefu',29,30,43.6300,50.1500,'2020-08-31','2021-11-30',1,'A',5),(433,'T-Cef 50ml syrup','Cefixime',71,2,170.1700,195.6000,'2020-08-31','2022-05-02',1,'A',1),(435,'Cinaron plus','CD',71,100,1.7400,2.0000,'2020-08-31','2022-04-30',1,'A',5),(436,'Cinaron','CD',71,200,0.8700,1.0000,'2020-08-31','2024-04-30',1,'A',5),(437,'Ciprocin 0.3%e/d','Cipro',71,6,43.5000,50.0000,'2020-08-31','2022-05-30',1,'A',5),(438,'Ciprocin250','Cip',71,100,4.8300,5.5600,'2020-08-31','2023-04-30',1,'A',5),(439,'Tanobis-2.5','Bisoprolol Fumarate',29,10,5.2600,6.0500,'2020-08-31','2023-01-02',1,'A',10),(440,'Trialon orI past','Trinamcinolone',71,8,87.0000,100.0000,'2020-08-31','2022-06-02',1,'B5',1),(441,'Ciprocin500','Ciprp',71,17,13.0900,15.0500,'2020-08-31','2022-05-30',1,'A',5),(442,'Doxiva 100mg syrup','Doxophylline',71,1,87.0000,100.0000,'2020-08-31','2022-03-02',1,'B6',1),(443,'Doxiva 200mg Tab','Doxophylline',71,200,5.2200,6.0000,'2020-08-31','2022-03-02',1,'B6',10),(444,'Doxiva 400mg Tab','Doxophylline',71,20,8.7000,10.0000,'2020-08-31','2022-05-02',1,'B6',10),(445,'Clofenac 50 supp','Diclofenac',71,20,13.0500,15.0100,'2020-08-31','2023-04-30',1,'C2',5),(446,'Clofenac gel','Ac',52,4,34.8000,40.0000,'2020-08-31','2023-05-30',1,'B4',3),(447,'Empa 10mg Tab','Empagliflozin',71,30,21.7500,25.0000,'2020-08-31','2022-02-02',1,'B3',10),(448,'Clofenac SR','Ac',71,28,3.5000,4.0200,'2020-08-31','2022-05-30',1,'C2',5),(449,'Lijenta 5 mg Tab','Linagliptin',71,15,19.1400,22.0000,'2020-08-31','2022-11-02',1,'B3',10),(450,'Comet500','Mt',71,170,3.5000,4.0200,'2020-08-31','2022-05-30',1,'B3',50),(451,'Lijenta-M 500mg Tab','Linagliptin',71,60,10.4400,12.0000,'2020-08-31','2022-04-02',1,'B3',10),(452,'Comet850','Mt',71,150,5.2300,6.0200,'2020-08-31','2022-05-30',1,'B3',5),(453,'Losarva 50mg Tab','Losartan',71,50,4.3500,5.0000,'2020-08-31','2022-04-02',1,'C4',1),(454,'Comprid 80mg','G',71,215,6.1000,7.0200,'2020-08-31','2023-05-30',1,'B3',50),(455,'Losarva 25mg Tab','Losartan',71,50,2.6100,3.0000,'2020-08-31','2022-04-02',1,'C4',1),(456,'Pandura 0.5mg Tab','Clonazepam',71,50,5.2200,6.0000,'2020-08-31','2022-02-02',1,'C3',1),(457,'Comprid XR 30','G',71,90,5.2500,6.0400,'2020-08-31','2022-06-30',1,'B3',5),(458,'Comprid XR60','Gc',71,70,9.6000,11.0300,'2020-08-31','2022-05-30',1,'B3',5),(459,'Rablet 20mg Tab','Rabeprazole',71,50,4.3500,5.0000,'2020-08-31','2022-05-02',1,'A',1),(460,'De-rash oint','Z',71,5,43.8000,50.3500,'2020-08-31','2022-05-30',1,'B5',5),(461,'Receca 100mg Cap','Racecadotril',71,30,5.2400,6.0200,'2020-08-31','2022-09-02',1,'A',1),(462,'Dermasol cream','Cp',71,12,61.3100,70.4800,'2020-08-31','2022-05-30',1,'B4',2),(463,'Dermasol N ','C',71,12,61.0800,70.2100,'2020-08-31','2022-05-30',1,'A',5),(464,'Doxacil100','Doxycycline',71,100,1.7400,2.0000,'2020-08-31','2023-06-30',1,'B6',5),(465,'Rolac  10mg Tab','kt',29,117,10.4400,12.0000,'2020-08-31','2022-06-02',1,'C2',5),(466,'Entacyd plus 200ml','Et',38,9,69.6000,80.0000,'2020-08-31','2022-12-31',1,'A',2),(468,'Entacyd 100suspen','Et',71,10,56.0200,64.4000,'2020-08-31','2022-12-30',1,'A',5),(469,'Entacyd plus','Et',29,10,1.7400,2.0000,'2020-08-31','2023-06-30',1,'A',5),(470,'Kilbac 250mg Tab','cefuroxime',71,18,21.7500,25.0000,'2020-08-31','2023-02-02',1,'A',1),(471,'Kilbac 500mg Tab','cefuroxime',71,12,39.1500,45.0000,'2020-08-31','2023-03-02',1,'A',1),(472,'Epitra0.5','Te',71,75,5.2200,6.0000,'2020-08-31','2022-04-30',1,'D5',5),(473,'Eromycin DS','Erythro',71,60,9.0000,10.3500,'2020-08-31','2022-04-30',1,'A',5),(474,'ORS','O R S',34,575,4.1700,5.0000,'2020-08-31','2023-05-02',1,'A',5),(475,'Eromycin drop','Er',71,6,52.5400,60.4000,'2020-08-31','2022-05-30',1,'A',5),(476,'Avil 22.7mg Tab','Pheniramine',71,300,1.3100,1.5100,'2020-08-31','2023-06-02',1,'A',50),(477,'Femastin cream','F',71,1,870.0000,1000.0000,'2020-08-31','2022-02-28',1,'D7',1),(478,'Enterogermina suspension','a',35,10,47.8500,55.0000,'2020-08-31','2021-06-02',1,'A',1),(479,'Fexo suspension 50ml ','Fx',35,48,42.0400,48.3300,'2020-08-31','2023-04-30',1,'A',5),(480,'Fexo 60','F',71,80,3.0600,3.5200,'2020-08-31','2022-05-30',1,'A',5),(481,'Fimoxyl 250mg  Cap','Amoxycillin',71,120,3.1300,3.6100,'2020-08-31','2023-02-02',1,'F',1),(482,'Fimoxyl 500mg  Cap','Amoxycillin',71,73,5.9000,6.7800,'2020-08-31','2023-04-02',1,'A',1),(483,'Fexo 180','Fx',71,170,8.7000,10.0000,'2020-08-31','2022-05-30',1,'A',5),(484,'Filwel gold','Vitamin',71,4,248.0000,285.0000,'2020-08-31','2022-06-30',1,'D4',5),(485,'Fimoxyl 125ml syrup','Amoxycillin',71,4,41.4100,47.6000,'2020-08-31','2022-03-02',1,'B2',1),(486,'Filwel silver','V',71,5,248.0000,285.0000,'2020-08-31','2022-05-30',1,'D4',5),(487,'Fimoxyclav 625mg Tab','Amoxycillin',71,30,30.0000,32.1000,'2020-08-31','2022-05-02',1,'F',1),(488,'Flacol drop','Simeth',71,28,30.5400,35.1100,'2020-08-31','2022-06-30',1,'A',5),(489,'Flagyl 400mg Tab','Metronidazole',71,286,1.6100,1.5800,'2020-08-31','2022-07-02',1,'A',1),(490,'Flexi 100mg','AC',29,336,4.3500,5.0000,'2020-08-31','2022-05-30',1,'C2',10),(491,'Flexi SR','Ac',71,10,6.1000,7.0200,'2020-08-31','2022-04-30',1,'C2',5),(492,'Flagyl 200 mg suspension','Metronidazole',71,3,26.0000,29.8900,'2020-08-31','2022-12-02',1,'A',1),(493,'Flugal150','F',71,44,19.2600,22.1400,'2020-08-31','2024-05-30',1,'A',5),(494,'Lasix 40mg Tab','Furosemide',71,100,0.5600,0.6400,'2020-08-31','2023-07-02',1,'C6',1),(495,'Flugal 200','F',71,12,21.9000,25.1700,'2020-08-31','2021-11-30',1,'A',5),(496,'Pevisone 10gm cream','Econazole',71,3,47.8500,55.0000,'2020-08-31','2022-01-02',1,'B5',1),(497,'Flindof 200','D',71,0,5.2200,6.0000,'2020-08-31','2022-05-30',1,'B6',5),(498,'Respite 20mg Tab ','Rabeprazole',71,300,5.2400,6.0200,'2020-08-31','2021-11-02',1,'A',1),(499,'Sefrad 500 mg cap','Cephradine',71,88,13.9600,16.0500,'2020-08-31','2022-05-02',1,'A',1),(500,'Flurizin5','Fl',71,50,3.0500,3.5100,'2020-08-31','2021-10-30',1,'C3',5),(501,'Fona 0.1%cream','F',71,3,52.5400,60.4000,'2020-08-31','2023-03-02',1,'B5',1),(502,'Stemetil 5mg Tab','Prochloperazie',71,600,0.4000,0.4600,'2020-08-31','2022-05-02',1,'C3',1),(503,'Fona plus','F',71,4,139.6100,160.4800,'2020-08-31','2022-04-30',1,'B5',1),(504,'Fungidal cream','F',71,6,30.6500,35.2400,'2020-08-31','2023-04-30',1,'B5',5),(505,'Fungidal HC','F',71,10,35.0300,40.2700,'2020-08-31','2023-06-30',1,'B5',5),(506,'Fusid plus 20','Fr',71,12,7.0000,8.0300,'2020-08-31','2022-03-30',1,'C6',5),(507,'Fusid plus 40','F',71,80,8.7300,10.0300,'2020-08-31','2022-04-30',1,'C6',5),(508,'Fusid 40','F',71,200,0.5600,0.6400,'2020-08-31','2022-03-30',1,'A',5),(509,'Vitabion ','Vitamin',71,50,6.9600,8.0000,'2020-08-31','2022-05-30',1,'D3',5),(510,'Gelora Oral gel','miconazole',71,6,52.3600,60.1800,'2020-08-31','2022-05-02',1,'B4',1),(511,'Doxin ','D',71,200,1.9200,2.2100,'2020-08-31','2023-06-30',1,'B6',5),(513,'Germisol 50ml Hand Rub','a',71,6,34.8000,40.0000,'2020-08-31','2022-07-02',1,'A',1),(514,'Germisol 60ml Hand Rub','a',71,6,41.7600,48.0000,'2020-08-31','2022-06-02',1,'A',1),(515,'Saline set','S',58,48,15.6600,18.0000,'2020-08-31','2022-01-02',1,'A',5),(516,'Normal saline(opso)','N',71,2,75.8100,87.1400,'2020-08-31','2023-06-30',1,'A',1),(517,'Glysup 1.15gm for children ','Glycerin',71,47,2.6100,3.0000,'2020-08-31','2022-05-02',1,'A',1),(518,'Butterfly set(Opso)','B',71,49,4.3600,5.0200,'2020-08-31','2022-01-02',1,'A',5),(519,'Glysup 2.30gm for children ','Glycerin',71,48,4.3500,5.0000,'2020-08-31','2022-05-02',1,'A',1),(520,'Syringe 3 ml(opso)','S',66,142,3.9400,4.5400,'2020-08-31','2022-01-02',1,'A',5),(523,'Syringe 5ml(Opso)','s',71,153,4.3700,5.0300,'2020-08-31','2022-01-02',1,'A',5),(525,'Gynepro supo','Metronidazol',71,24,21.0000,24.0800,'2020-08-31','2022-04-02',1,'D7',1),(527,'Hemorif','h',71,20,7.0100,8.0600,'2020-08-31','2022-05-30',1,'C8',5),(529,'Imotil','i',71,348,0.8700,1.0000,'2020-08-31','2023-05-30',1,'A',5),(530,'Mycofree 250mg Tab','Terbinafine',71,20,24.3600,28.0000,'2020-08-31','2022-07-02',1,'A',1),(531,'Intimate 5','i',71,18,15.7000,18.0500,'2020-08-31','2021-12-30',1,'D8',5),(532,'Telfast 120mg Tab','Fexofenadine',71,50,8.7000,10.0000,'2020-08-31','2022-06-02',1,'A',1),(533,'Intimate 10','i',29,18,30.5400,35.1100,'2020-08-31','2022-02-28',1,'D8',5),(534,'Linita 5mg Tab','Linagliptin',71,120,13.0900,15.0500,'2020-08-31','2021-10-02',1,'B3',10),(535,'Iprex inhaler','ip',71,2,218.1500,250.7500,'2020-08-31','2022-06-30',1,'A',2),(536,'Iprex solusion','ip',39,1,113.8700,130.8800,'2020-08-31','2022-04-30',1,'A',1),(537,'Iventi 400','m',30,30,34.8000,40.0000,'2020-08-31','2022-03-30',1,'A',5),(539,'K-one MM','m',71,18,17.4000,20.0000,'2020-08-31','2022-04-30',1,'C6',5),(540,'Itra 100mg Cap','Itaconazole',71,42,13.0500,15.0000,'2020-08-31','2022-06-02',1,'A',1),(541,'Ketoral 200mg Tab','Ketoconazole',71,30,7.8800,9.0600,'2020-08-31','2022-01-02',1,'A',1),(542,'Lebac 250','l',71,36,7.2200,8.3000,'2020-08-31','2023-05-30',1,'F',5),(543,'Lebac 500','l',71,45,13.4800,15.5000,'2020-08-31','2023-03-30',1,'F',5),(544,'Lebac 15ml Drops','Cephradine',71,6,56.7200,65.1900,'2020-08-31','2023-05-31',1,'A',1),(545,'Levostar syp 100','l',71,5,39.2600,45.1300,'2020-08-31','2022-03-30',1,'B2',1),(546,'Levoster 50ml syrup','Levosalbutamol',71,9,26.1800,30.1000,'2020-08-31','2022-05-02',1,'A',1),(547,'Custom Test','Custom Test',71,100,870.0000,1000.0000,'2020-09-01','2022-01-02',1,'A',5),(548,'Bigmet 500mg Tab','Metformin Hydocloryde',71,100,3.4800,4.0000,'2020-09-01','2022-06-02',1,'B3',10),(549,'Bisoren 2.5mg Tab','Bisoprolol',71,60,5.2200,6.0000,'2020-09-01','2022-05-02',1,'C4',10),(550,'Androcap 40mg Tab','Testoterone',71,30,17.4000,20.0000,'2020-09-01','2022-06-02',1,'D6',1),(551,'Lipired 200','L',71,60,6.1161,7.0300,'2020-09-01','2022-04-30',1,'C5',5),(552,'Loracef drop','L',71,12,109.4895,125.8500,'2020-09-01','2022-05-30',1,'A',5),(553,'Bisoren Plus 2.5mg ','Bisoprolol',71,30,5.2200,6.0000,'2020-09-01','2022-04-02',1,'C4',1),(554,'Bisoren 5mg Tab','Bisoprolol',71,30,8.7000,10.0000,'2020-09-01','2022-06-30',1,'C4',1),(555,'Loracef suspen','C',35,4,166.4310,191.3000,'2020-09-01','2022-03-30',1,'A',1),(556,'Bisoren plus 5mg Tab','Bisoprolol',71,30,8.7000,10.0000,'2020-09-01','2022-06-02',1,'C4',10),(558,'Loratin','L',71,100,2.6100,3.0000,'2020-09-01','2023-05-30',1,'A',5),(559,'Mirakof drop','M',71,4,43.5000,50.0000,'2020-09-01','2022-04-30',1,'A',1),(560,'Mirakof syrup','M',71,6,69.8088,80.2400,'2020-09-01','2022-03-30',1,'B1',2),(561,'Cartilage Max 750mg Tab','Glucosamine',71,30,10.4400,12.0000,'2020-09-01','2021-12-02',1,'D3',10),(562,'Montene10','M',71,90,13.0935,15.0500,'2020-09-01','2022-02-28',1,'D5',5),(563,'Montene4','M',71,20,5.2374,6.0200,'2020-09-01','2022-03-30',1,'D5',5),(564,'Montene5','M',71,40,6.9861,8.0300,'2020-09-01','2022-03-02',1,'D5',5),(565,'Emeren 50ml Syrup','Ondansetron',71,4,26.1000,30.0000,'2020-09-01','2022-05-02',1,'A',2),(566,'Motigut drop','D',71,10,21.8196,25.0800,'2020-09-01','2022-05-30',1,'D1',5),(567,'Ferix V Cap','Carvolyn',71,60,3.4800,4.0000,'2020-09-01','2022-06-02',1,'D7',10),(569,'Kiddi 100ml Syrup','Multivitamin ',71,10,69.8697,80.3100,'2020-09-01','2022-06-02',1,'C1',1),(570,'Moxacil500','M',30,74,5.9160,6.8000,'2020-09-01','2023-05-30',1,'F',5),(571,'Moxaclav625','M',71,30,27.8400,32.0000,'2020-09-01','2022-04-30',1,'A',5),(572,'Letrol 2.5mg Tab','Letrol',71,10,34.9305,40.1500,'2020-09-01','2022-04-02',1,'D6',10),(573,'Mulrivit plus','V',71,11,46.9800,54.0000,'2020-09-01','2022-06-30',1,'D3',5),(574,'Naurif','N',71,20,24.5253,28.1900,'2020-09-01','2021-07-30',1,'A',5),(575,'Gestrenol 5mg Tab','Allylestrenol',71,10,6.9861,8.0300,'2020-09-01','2022-06-30',1,'D6',10),(576,'Nebanol plus','N',71,12,26.2740,30.2000,'2020-09-01','2022-03-30',1,'B4',5),(578,'Menorest ','Tibolon',71,28,8.7348,10.0400,'2020-09-01','2027-07-02',1,'D6',10),(579,'Neuro B','Vitamin',71,13,208.8000,240.0000,'2020-09-01','2022-05-30',1,'D3',5),(580,'Nexum 20 cap','Es',71,180,6.1074,7.0200,'2020-09-01','2022-05-30',1,'A',5),(581,'Nexum 40 cap','es',71,30,8.7000,10.0000,'2020-09-01','2022-04-30',1,'A',5),(582,'Lactohil  100g Powder','Lactation',71,1,435.0000,500.0000,'2020-09-01','2022-12-02',1,'D7',1),(583,'Norvis','n',29,45,5.2374,6.0200,'2020-09-01','2022-05-30',1,'C2',5),(584,'Goodgut Veg Cap','Goodgut',71,30,13.9200,16.0000,'2020-09-01','2022-05-02',1,'A',10),(585,'Olmecar20','o',71,30,8.7000,10.0000,'2020-09-01','2022-04-30',1,'C4',5),(586,'Olmecar plus 20','o',71,30,8.7000,10.0000,'2020-09-01','2022-05-30',1,'C4',5),(587,'Orostar plus M-wash','m',71,6,74.1762,85.2600,'2020-09-01','2022-04-30',1,'A',5),(588,'Neobion Tab','Vitamen ',71,50,6.9600,8.0000,'2020-09-01','2022-06-02',1,'D2',10),(589,'Rupa 10mg Tab','Rupadine',29,109,10.4400,12.0000,'2020-09-01','2022-06-02',1,'A',5),(590,'Osmolax sol','O',38,50,121.8000,140.0000,'2020-09-01','2022-05-30',1,'A',5),(591,'Oxifun cream','o',71,12,43.8045,50.3500,'2020-09-01','2022-05-30',1,'B4',5),(592,'Afrin Nasal Drops 0.05%','Drops',71,5,39.1500,45.0000,'2020-09-01','2023-05-02',1,'B8',1),(593,'Perkinil','p',71,380,0.8700,1.0000,'2020-09-01','2023-04-30',1,'C8',5),(594,'Afrin Paediatic Nasal Drops0.025%','Oxymetazoline',71,4,34.8000,40.0000,'2020-09-01','2022-05-02',1,'B8',1),(595,'Phylopen 250','p',71,50,4.8198,5.5400,'2020-09-01','2022-02-28',1,'F',5),(596,'T-mycin Eye Drops','Tobramycin',71,5,87.0000,100.0000,'2020-09-01','2022-05-02',1,'B8',1),(597,'Phylopen DS','p',71,32,9.1959,10.5700,'2020-09-01','2022-05-30',1,'A',5),(598,'Ovel Steril Eye drops','Levofloxacin',71,3,78.3000,90.0000,'2020-09-01','2023-05-02',1,'B8',1),(599,'Rabeca 20','r',71,21,4.3674,5.0200,'2020-09-01','2022-05-30',1,'A',5),(600,'Systear Sterile Eye Drops','a',32,2,174.0000,200.0000,'2020-09-01','2022-07-02',1,'B8',1),(601,'Rosuva 10','r',71,40,17.4870,20.1000,'2020-09-01','2022-05-30',1,'C5',5),(602,'Optimox Eye Drops','Moxifloxacin',71,5,121.8000,140.0000,'2020-09-01','2022-06-02',1,'B8',1),(603,'Rosuva 20','r',71,20,26.1870,30.1000,'2020-09-01','2022-05-30',1,'C5',5),(604,'Rosuva 5','r',71,100,8.7261,10.0300,'2020-09-01','2022-05-30',1,'C5',5),(605,'Ace Plus Tab','Paracitamol ',29,433,2.1750,2.5000,'2020-09-01','2022-06-02',1,'A',10),(606,'Scabex5%','s',71,8,43.6305,50.1500,'2020-09-01','2023-05-30',1,'B4',5),(607,'Seclo20','o',71,409,5.2200,6.0000,'2020-09-01','2022-04-30',1,'A',5),(608,'Seclo 40','o',71,25,7.8300,9.0000,'2020-09-01','2022-05-30',1,'A',5),(609,'Secrin1','s',71,60,5.2200,6.0000,'2020-09-01','2022-04-30',1,'B3',5),(610,'Iracet 250mg Tab','Leviteracitam',71,10,13.9200,16.0000,'2020-09-01','2022-03-02',1,'C8',10),(611,'Secrin 2','s',71,50,7.8300,9.0000,'2020-09-01','2022-05-30',1,'B3',5),(612,'Secrin3','s',71,30,10.4400,12.0000,'2020-09-01','2022-04-30',1,'B3',5),(613,'Secrin4','s',71,30,13.0500,15.0000,'2020-09-01','2022-05-30',1,'B3',5),(614,'Iventi Eye Drops','Moxifloxacine',71,16,121.8000,140.0000,'2020-09-01','2022-05-02',1,'B8',10),(615,'Motigut 10mg Tab','Domperidone',71,276,3.0450,3.5000,'2020-09-01','2022-06-02',1,'D1',10),(616,'Motigut 60ml Suspen','Domperidone',71,12,34.8000,40.0000,'2020-09-01','2022-06-02',1,'D1',1),(617,'Ocof 100ml Syrup','Antitussive',71,1,87.0000,100.0000,'2020-09-01','2021-12-02',1,'B1',1),(618,'Tusca Plus 100ml Syrup','Expectorent',38,7,69.6000,80.0000,'2020-09-01','2022-06-02',1,'B1',2),(619,'Torax 10mg Tab','Ketorolac',71,240,10.4400,12.0000,'2020-09-01','2022-06-02',1,'C2',10),(620,'Linatab 2.5/500mg Tab','Linagliptin',71,30,10.4400,12.0000,'2020-09-01','2022-06-02',1,'B3',10),(621,'Reset Plus Tab','Paracitamol ',71,80,2.1750,2.5000,'2020-09-01','2023-11-02',1,'A',10),(622,'Sedil ','s',71,489,0.6003,0.6900,'2020-09-01','2024-06-30',1,'D5',5),(623,'Sergel 20mg Cap','Esomiprazol',30,79,6.0900,7.0000,'2020-09-01','2022-05-02',1,'A',10),(624,'Solo N/D','s',71,17,20.0100,23.0000,'2020-09-01','2022-05-30',1,'B8',5),(625,'Sergel 40mg Cap','Esomiprazol',30,0,8.7000,10.0000,'2020-09-01','2022-06-02',1,'A',5),(626,'Sonap 250','s',71,50,3.4800,4.0000,'2020-09-01','2022-03-30',1,'C2',5),(627,'Sonap 500','s',71,60,6.0900,7.0000,'2020-09-01','2022-03-30',1,'C2',5),(628,'Viset 50mg Tab','Tiemonium ',71,35,6.0900,7.0000,'2020-09-01','2022-05-02',1,'C2',10),(629,'Sulprex HFA','i',71,6,218.1525,250.7500,'2020-09-01','2021-10-30',1,'A',5),(630,'Zeropain 10mg Tab','Ketorolac',71,11,10.4400,12.0000,'2020-09-01','2023-03-02',1,'C2',10),(631,'Sultolin HFA','s',71,9,200.1000,230.0000,'2020-09-01','2022-05-30',1,'A',5),(632,'Nitrin SR 2.5mg Tab','Nitroglycerin',71,120,4.3500,5.0000,'2020-09-01','2021-07-02',1,'D6',10),(633,'Sultolin  cozycap','s',71,60,2.1837,2.5100,'2020-09-01','2022-04-30',1,'A',5),(634,'Vestar MR 35mg Tab','Trimetazidine',29,100,6.9600,8.0000,'2020-09-01','2022-04-02',1,'A',10),(635,'Tebast ','t',71,30,5.2200,6.0000,'2020-09-01','2023-03-30',1,'A',5),(636,'Tetrax500','t',29,50,1.9923,2.2900,'2020-09-01','2022-03-30',1,'A',5),(637,'Alcet 60ml Syrup','Levocetirizine',38,100,43.5000,50.0000,'2020-09-01','2022-07-02',1,'A',10),(638,'Thyrin 50','t',71,180,1.3920,1.6000,'2020-09-01','2022-05-30',1,'A',5),(639,'Alcet 5mg Tab','Levocetirizine',29,20,3.9150,4.5000,'2020-09-01','2022-05-02',1,'A',5),(640,'Ticamet 250 HFA','t',71,3,693.7293,797.3900,'2020-09-01','2022-04-30',1,'A',1),(641,'Angenta Tab','flupentixol',29,2,4.3500,5.0000,'2020-09-01','2022-06-02',1,'c3',5),(642,'Topicort cream','t',33,4,34.9131,40.1300,'2020-09-01','2022-05-30',1,'B4',2),(643,'Clonatril 0.5mg Tab','Clonazepam',71,45,5.2200,6.0000,'2020-09-01','2023-04-02',1,'D5',10),(644,'Trevox 500','t',71,20,13.1370,15.1000,'2020-09-01','2023-03-30',1,'A',5),(645,'Danilo 90mg Tab','Etoricoxib',29,7,10.4400,12.0000,'2020-09-01','2022-03-02',1,'C2',5),(646,'Tryptin 10','t',71,369,0.8700,1.0000,'2020-09-01','2022-05-30',1,'c3',5),(647,'Denvar 200mg Cap','Cefixim',71,24,30.4500,35.0000,'2020-09-01','2022-03-02',1,'A',10),(648,'Tryptin 25','T',71,190,1.5312,1.7600,'2020-09-01','2022-05-30',1,'A',5),(649,'Denvar 400mg Cap','Cefixim',71,12,43.5000,50.0000,'2020-09-01','2022-04-02',1,'A',10),(650,'Vigorex 50','v',71,8,26.1087,30.0100,'2020-09-01','2023-02-28',1,'D8',1),(651,'Viodin1%M-wash','v',71,11,30.5457,35.1100,'2020-09-01','2022-06-30',1,'A',5),(652,'Denvar 100mg/5ml Oral suspension','Cefixim',71,3,182.7000,210.0000,'2020-09-01','2021-11-02',1,'A',2),(653,'Viodin10%','v',35,50,610.8357,702.1100,'2020-09-01','2022-02-28',1,'A',5),(654,'Emistat 4mg/5ml Oral syrup','Ondansetron',71,4,43.5000,50.0000,'2020-09-01','2022-06-02',1,'A',5),(655,'Viodin5%','v',71,9,43.5000,50.0000,'2020-09-01','2022-05-30',1,'A',5),(656,'Virux200','qv',71,30,12.2670,14.1000,'2020-09-01','2022-04-30',1,'A',5),(657,'Emistat 8mg Tab','Ondansetron',71,96,9.5700,11.0000,'2020-09-01','2022-05-02',1,'A',10),(658,'Virux 400','v',71,20,19.2270,22.1000,'2020-09-01','2022-04-30',1,'A',5),(659,'Zesup syp','s',71,9,30.5457,35.1100,'2020-09-01','2022-04-30',1,'C1',1),(660,'Flumetol 50/250 Cap','Salmetrol',71,30,9.2829,10.6700,'2020-09-01','2022-06-02',1,'A',10),(661,'Zif Ci','z',71,210,3.4800,4.0000,'2020-09-01','2022-05-30',1,'D7',5),(662,'Furotil 250mg Tab','Cefuroxime',71,12,21.7500,25.0000,'2020-09-01','2022-03-02',1,'A',10),(663,'Zimax 500mg','AZ',29,70,30.5457,35.1100,'2020-09-01','2022-06-30',1,'A',10),(664,'Furotil Plus 250/62.5mg Tab','Cefuroxime',71,35,30.4500,35.0000,'2020-09-01','2022-02-02',1,'A',10),(665,'Pogo 100ml syrup','Multivitamin ',71,2,78.3000,90.0000,'2020-09-01','2022-01-02',1,'C1',1),(666,'Zimax 250mg','AZ',29,13,21.8196,25.0800,'2020-09-01','2023-04-30',1,'A',5),(667,'Lyric 25mg Cap','Pregabalin ',71,20,6.9600,8.0000,'2020-09-01','2022-04-02',1,'C3',10),(668,'Zimax PFS 15ml','Az',35,6,82.6500,95.0000,'2020-09-01','2022-02-28',1,'A',5),(669,'Lyric 50mg Cap','Pregabalin ',71,30,12.1800,14.0000,'2020-09-01','2022-04-02',1,'C3',10),(670,'Zimax pfs30ml','AZ',35,10,121.8000,140.0000,'2020-09-01','2022-04-30',1,'A',5),(671,'Prenat-CI Cap','Carbonyl iron',71,120,3.4800,4.0000,'2020-09-01','2022-04-02',1,'D7',10),(672,'Zimax pfs50ml','AZ',35,2,174.0000,200.0000,'2020-09-01','2022-05-30',1,'A',1),(673,'Zox sus','z',38,10,30.6588,35.2400,'2020-09-01','2022-03-30',1,'C1',5),(674,'PulmoCare Cap','Salbutamol',71,30,2.8710,3.3000,'2020-09-01','2022-05-02',1,'A',10),(675,'Reef-D Tab','Calcium',71,50,8.7000,10.0000,'2020-09-01','2022-03-02',1,'D2',10),(676,'Reef-DX Tab','Calcium',71,30,6.5250,7.5000,'2020-09-01','2022-04-02',1,'D2',10),(677,'Aeron','Montelukast',71,50,13.0500,15.0000,'2020-09-01','2022-03-02',1,'D5',10),(678,'Renovit Tab','Vitamen B',71,2,208.8000,240.0000,'2020-09-01','2022-04-02',1,'D4',1),(679,'Rocal D Tab','Calcium',71,70,6.9600,8.0000,'2020-09-01','2022-04-02',1,'D2',10),(680,'Alben DS','Alb',29,149,4.3500,5.0000,'2020-09-01','2022-06-30',1,'C6',5),(681,'Dinafex 120','d',71,40,6.9600,8.0000,'2020-09-01','2023-02-28',1,'A',5),(682,'Rocal D Vita Tab','Calcium',29,4,182.7000,210.0000,'2020-09-01','2022-05-02',1,'A',5),(683,'Dinafex 50ml','d',38,3,41.7600,48.0000,'2020-09-01','2022-03-30',1,'A',2),(684,'Esoral 20','es',71,300,6.0900,7.0000,'2020-09-01','2022-05-30',1,'A',5),(685,'Rozith 35ml Sus','Azithromycin',35,1,121.8000,140.0000,'2020-09-01','2022-03-02',1,'F',2),(686,'Esoral 40','es',71,30,8.7000,10.0000,'2020-09-01','2022-06-30',1,'A',5),(687,'Rozith 500mg Tab','Azithromycin',29,5,30.4500,35.0000,'2020-09-01','2022-03-02',1,'A',5),(688,'Etorix120','e',71,30,12.1800,14.0000,'2020-09-01','2024-05-30',1,'C2',5),(689,'Rozith 250mg Tab','Azithromycin',30,6,21.7500,25.0000,'2020-09-01','2022-01-02',1,'A',5),(690,'Etorix60','e',71,50,6.0900,7.0000,'2020-09-01','2024-03-01',1,'C2',5),(691,'Santogen Tab','Multivitamin ',71,1,261.0000,300.0000,'2020-09-01','2022-04-02',1,'D4',1),(692,'Etorix 90','e',71,40,10.4400,12.0000,'2020-09-01','2024-04-30',1,'C2',5),(693,'Flocloxin 500','f',30,50,9.1350,10.5000,'2020-09-01','2022-05-30',1,'A',5),(694,'Linaptin M500 Tab','Linagliptin',71,30,10.4400,12.0000,'2020-09-01','2022-03-02',1,'B3',10),(695,'Flucloxin250','f',71,100,5.0199,5.7700,'2020-09-01','2022-04-30',1,'A',5),(696,'Linaptin M850 Tab','Linagliptin',71,20,12.1800,14.0000,'2020-09-01','2022-03-02',1,'B3',10),(697,'Kefuclav250','f',71,16,26.1000,30.0000,'2020-09-01','2022-05-30',1,'f',5),(698,'Losectil 20','l',71,87,4.3500,5.0000,'2020-09-01','2023-03-30',1,'A',5),(699,'Deleta Tab','flupentixol',29,87,4.3500,5.0000,'2020-09-01','2022-07-02',1,'c3',5),(700,'Lumona 10','l',71,42,10.4400,12.0000,'2020-09-01','2022-05-30',1,'D5',5),(701,'Bost Tab','Vitamen ',71,50,6.9600,8.0000,'2020-09-01','2022-03-02',1,'D3',10),(702,'Norium10','n',71,60,4.3500,5.0000,'2020-09-01','2023-02-28',1,'C2',5),(703,'OstocalD','cal',71,3,182.7000,210.0000,'2020-09-01','2023-05-30',1,'D4',1),(704,'Domilin Tab','Domperidone',71,100,1.7400,2.0000,'2020-09-01','2023-06-02',1,'D1',10),(705,'Roxim200','ce',71,16,30.4500,35.0000,'2020-09-01','2022-04-30',1,'A',5),(706,'Epiclon 0.5mg Tab','Clonazepam',71,49,5.2200,6.0000,'2020-09-01','2024-04-02',1,'D5',10),(707,'Epiclon 1mg Tab','Clonazepam',71,50,6.9600,8.0000,'2020-09-01','2024-04-02',1,'D5',10),(708,'Tufnil200','t',71,48,8.7000,10.0000,'2020-09-01','2022-05-30',1,'c3',5),(709,'Xinc syp','x',71,6,30.4500,35.0000,'2020-09-01','2022-06-30',1,'C1',5),(710,'Oceancal-DX Tab','Calcium',71,30,13.0500,15.0000,'2020-09-01','2022-01-02',1,'D3',10),(711,'Zithrox sus 35','z',71,10,121.8000,140.0000,'2020-09-01','2022-05-30',1,'A',5),(712,'Oceancal-D Tab','Calcium',29,0,8.7000,10.0000,'2020-09-01','2021-12-02',1,'D3',5),(713,'GlustinMax Tab','Glucosamine',71,30,10.4748,12.0400,'2020-09-01','2022-03-02',1,'D3',10),(714,'Rabemax 20mg Tab','Rabeprazole',71,70,6.0900,7.0000,'2020-09-01','2021-10-02',1,'A',10),(715,'Telucast !0mg Tab','Montelukast',71,30,13.0500,15.0000,'2020-09-01','2023-03-02',1,'D5',10),(716,'Diflu 50','d',71,50,6.9600,8.0000,'2020-09-01','2023-04-30',1,'A',5),(717,'Voricom 200mg Tab','Voriconazole',71,8,104.4000,120.0000,'2020-09-01','2022-01-02',1,'A',2),(718,'Apuldon 10','d',71,100,2.1750,2.5000,'2020-09-01','2023-05-30',1,'D1',5),(719,'Aristo Gold','c',29,2,182.7000,210.0000,'2020-09-01','2022-06-30',1,'D4',1),(720,'Atova 10mg Tab','Atorvastatin',71,140,8.7000,10.0000,'2020-09-01','2022-05-02',1,'C5',10),(721,'Napro 500','n',71,27,6.0900,7.0000,'2020-09-01','2023-05-30',1,'C2',5),(722,'Atova 20mg Tab','Atorvastatin',71,60,15.6600,18.0000,'2020-09-01','2022-06-02',1,'C5',10),(723,'Napro250','n',71,49,3.4974,4.0200,'2020-09-01','2023-02-28',1,'C2',5),(724,'Atova 40mg Tab','Atorvastatin',71,40,20.8800,24.0000,'2020-09-01','2022-04-02',1,'C5',10),(725,'Rhinil ','r',71,80,2.6100,3.0000,'2020-09-01','2023-06-30',1,'A',5),(726,'Bizoran Tab','Amlodopine Omlesartan',71,130,10.4400,12.0000,'2020-09-01','2022-06-02',1,'C4',10),(727,'Apuldon sus60','d',71,5,30.4500,35.0000,'2020-09-01','2022-06-30',1,'D1',5),(728,'Aristoderm cream','a',71,9,65.2500,75.0000,'2020-09-01','2022-05-30',1,'B4',5),(729,'Bizoran 5/40 Tab','Amlodopine Omlesartan',71,90,17.4000,20.0000,'2020-09-01','2022-06-02',1,'C4',10),(730,'AZ 500','a',71,12,30.4500,35.0000,'2020-09-01','2023-03-30',1,'F',5),(731,'Diapro 30 MR Tab','Gliclazide',71,60,6.0900,7.0000,'2020-09-01','2022-07-02',1,'B3',10),(732,'Arotril0.5','a',71,100,5.2200,6.0000,'2020-09-01','2023-02-28',1,'D5',5),(733,'Axim CV250','az',71,12,26.1000,30.0000,'2020-09-01','2022-04-30',1,'A',5),(734,'Diapro 80mg Tab','Gliclazide',71,120,6.0900,7.0000,'2020-09-01','2023-05-02',1,'B3',10),(735,'Axim CV','c',71,8,43.5000,50.0000,'2020-09-01','2022-03-30',1,'A',5),(736,'Diapro 60 MR Tab','Gliclazide',71,30,10.4400,12.0000,'2020-09-01','2022-03-02',1,'B3',10),(737,'Jointec Max Tab','Glucosamine',71,10,10.4400,12.0000,'2020-09-01','2022-06-02',1,'D3',5),(738,'Contine200','d',29,80,1.3920,1.6000,'2020-09-01','2022-06-30',1,'B6',5),(739,'Docopa200','d',71,180,5.2200,6.0000,'2020-09-01','2022-06-30',1,'B6',10),(740,'Fossical D','cal',71,180,8.7000,10.0000,'2020-09-01','2023-06-30',1,'D2',5),(741,'Napa Extra Tab','Paracitamol ',71,816,2.1750,2.5000,'2020-09-01','2022-07-02',1,'A',10),(742,'Fossical DX','c',71,30,13.0500,15.0000,'2020-09-01','2022-03-30',1,'D2',5),(743,'Omastin 35ml Sus','Fluconazole',35,2,67.8600,78.0000,'2020-09-01','2022-05-02',1,'A',1),(744,'Ipec plus','iron',71,100,3.0450,3.5000,'2020-09-01','2022-06-30',1,'D7',5),(745,'Naso 375','n',29,50,10.4400,12.0000,'2020-09-01','2022-06-30',1,'A',5),(746,'Naso 500','n',29,50,11.3100,13.0000,'2020-09-01','2022-06-30',1,'A',5),(747,'Bucof 100ml Syrup','Butamirate',71,11,69.6000,80.0000,'2020-09-01','2022-03-02',1,'B2',2),(748,'Rabe 20','r',71,220,6.0900,7.0000,'2020-09-01','2021-12-30',1,'A',5),(749,'Doxoven 200 mg Tab','Doxophylline',71,1100,5.2200,6.0000,'2020-09-01','2022-04-02',1,'B6',10),(750,'AZ PFS','az',35,50,121.8000,140.0000,'2020-09-01','2022-04-30',1,'A',5),(751,'D-gain 40000 Cap','cholecalciferol',71,18,30.4500,35.0000,'2020-09-01','2022-06-02',1,'D2',10),(752,'Taxetil PFS','t',71,5,86.1300,99.0000,'2020-09-01','2022-03-30',1,'A',5),(753,'Esoprex 20 Cap','Esomiprazol',29,100,6.0900,7.0000,'2020-09-01','2022-05-02',1,'A',10),(754,'Flexibac 5mg Tab','Baclofen',71,75,4.7850,5.5000,'2020-09-01','2023-04-02',1,'C2',10),(755,'Flexibac 10mg Tab','Baclofen',71,45,8.7000,10.0000,'2020-09-01','2023-06-02',1,'C2',10),(756,'Levita 200mg Tab','Lebetatalol',71,30,7.8300,9.0000,'2020-09-01','2022-02-02',1,'C4',10),(757,'Abecab5/20','a',71,50,9.5700,11.0000,'2020-09-01','2022-12-30',1,'c4',5),(758,'Gaviflux 200ml sus','Sodium',35,9,217.5000,250.0000,'2020-09-01','2022-06-02',1,'A',2),(759,'Abetis 10','a',71,50,5.2200,6.0000,'2020-09-01','2022-05-30',1,'C4',5),(760,'Abetis 20','a',71,50,7.8300,9.0000,'2020-09-01','2023-05-30',1,'C4',5),(761,'Abetis plus','a',71,50,8.2650,9.5000,'2020-09-01','2022-05-30',1,'C4',5),(762,'Hexinor 2 Tab','Trihexyphenidyl',29,60,4.5675,5.2500,'2020-09-01','2022-03-02',1,'A',10),(763,'Atasin10','a',71,50,8.7609,10.0700,'2020-09-01','2023-03-30',1,'C5',5),(764,'Brodil HFA','in',37,2,208.8000,240.0000,'2020-09-01','2023-02-28',1,'A',1),(765,'Lubilax 24 Cap','Lubiprostone',29,29,34.8000,40.0000,'2020-09-01','2022-03-02',1,'A',10),(766,'Lubilax 8  Cap','Lubiprostone',71,30,13.0500,15.0000,'2020-09-01','2022-02-02',1,'A',10),(767,'Brodil  Refill','b',29,2,172.2600,198.0000,'2020-09-01','2023-01-30',1,'A',1),(768,'Clonium0.5','c',71,100,5.2200,6.0000,'2020-09-01','2021-11-30',1,'D5',5),(769,'Paloxi Tab','Palonosetron',71,30,17.9220,20.6000,'2020-09-01','2022-05-02',1,'A',10),(770,'Esomep20','es',71,200,6.1074,7.0200,'2020-09-01','2022-01-30',1,'A',5),(771,'Reversair10','r',71,30,13.1457,15.1100,'2020-09-01','2023-04-30',1,'D5',5),(772,'Rupadin 10mg Tab','Rupatadine',71,10,10.4400,12.0000,'2020-09-01','2022-03-02',1,'A',10),(773,'Tenocab25','t',71,100,4.5849,5.2700,'2020-09-01','2022-06-30',1,'C4',5),(774,'Tenocab 50','t',71,50,5.2374,6.0200,'2020-09-01','2022-06-30',1,'C4',5),(775,'Xalcort 6mg Tab','Deflazacort',71,40,7.3950,8.5000,'2020-09-01','2022-02-02',1,'C6',10),(776,'Xalcort 24mg Tab','Deflazacort',71,30,26.1000,30.0000,'2020-09-01','2023-05-02',1,'C6',10),(777,'Xenofer Injection','Iron',71,350,304.5000,350.0000,'2020-09-01','2022-11-02',1,'D9',10),(778,'Cora-D','cal',71,50,8.7435,10.0500,'2020-09-01','2022-06-30',1,'D2',5),(779,'Cora DX','c',71,30,13.0500,15.0000,'2020-09-01','2022-07-30',1,'D2',5),(780,'Fluclox250','f',71,180,5.0460,5.8000,'2020-09-01','2022-07-30',1,'A',5),(781,'Fluclox500','f',71,40,9.2220,10.6000,'2020-09-01','2022-02-28',1,'A',5),(782,'Cartilex D Tab','Glucosamine',71,40,10.4400,12.0000,'2020-09-01','2022-03-02',1,'D3',10),(783,'Paricel20','rab',71,100,5.2200,6.0000,'2020-09-01','2022-06-30',1,'A',5),(784,'Prosma syp100','kt',71,11,52.2000,60.0000,'2020-09-01','2023-07-30',1,'B6',5),(785,'Coralcal-D Tab','cal and vitamin',71,40,9.5700,11.0000,'2020-09-01','2022-06-02',1,'D2',10),(786,'Tenoren 50','At',71,200,0.8700,1.0000,'2020-09-01','2023-07-30',1,'c4',5),(787,'Coralcal-DX Tab','cal and vitamin',71,25,13.0500,15.0000,'2020-09-01','2022-05-02',1,'D2',10),(788,'Efodio Tab','Domperidone',71,130,3.4800,4.0000,'2020-09-01','2023-06-02',1,'D1',10),(789,'Exium 40mg Cap','Esomiprazol',71,60,10.4400,12.0000,'2020-09-01','2021-08-02',1,'A',10),(790,'Exium 20mg Cap','Esomiprazol',71,90,7.3950,8.5000,'2020-09-01','2022-07-02',1,'A',10),(791,'Brodil syp','b',71,10,20.0100,23.0000,'2020-09-01','2023-07-30',1,'A',2),(792,'Brodil levo syp','b',71,3,26.1783,30.0900,'2020-09-01','2023-06-30',1,'A',1),(793,'Hexisol 250ml','hex',71,14,113.1000,130.0000,'2020-09-01','2023-07-30',1,'A',2),(794,'Hexisol50ml','hex',71,12,34.9044,40.1200,'2020-09-01','2023-07-30',1,'A',2),(795,'Micoral oral gel','m',71,8,52.3566,60.1800,'2020-09-01','2023-07-30',1,'B4',5),(796,'Nalzin 5mg Tab','Flunarizine',71,100,3.0450,3.5000,'2020-09-02','2022-04-02',1,'C2',10),(797,'Nalzin 10mg Tab','Flunarizine',71,70,4.3500,5.0000,'2020-09-02','2022-02-02',1,'C2',10),(798,'Naprosyn 250mg Tab','Naproxen',71,40,6.9600,8.0000,'2020-09-02','2023-03-02',1,'C2',10),(799,'Naprosyn 500mg Tab','Naproxen',71,50,13.0935,15.0500,'2020-09-02','2023-03-02',1,'C2',10),(800,'Rivotril 0.5mg Tab','Clonazepam',71,318,6.9600,8.0000,'2020-09-02','2025-06-02',1,'D5',10),(801,'Rivotril 2mg Tab','Clonazepam',71,60,11.3100,13.0000,'2020-09-02','2025-02-02',1,'D5',10),(802,'Rofixim 200mg Tab','Cefixim',71,10,39.1500,45.0000,'2020-09-02','2021-12-02',1,'f',10),(803,'Rofuclav 250/62.5mg Tab','Cefuroxime',71,14,43.5000,50.0000,'2020-09-02','2021-01-08',1,'F',10),(804,'Rofixim 50ml Sus','Cefuroxime',71,2,217.5000,250.0000,'2020-09-02','2021-08-02',1,'F',1),(805,'Clofenac DT Tab','Diclofenac',71,68,3.4800,4.0000,'2020-09-02','2023-06-02',1,'C2',10),(806,'Ceevit DS','Vitamin C',71,77,3.0450,3.5000,'2020-09-02','2022-07-02',1,'D3',10),(807,'Cefadyl 200mg Cap','Cefixim',71,35,26.1000,30.0000,'2020-09-02','2022-06-02',1,'A',3),(808,'Rubee 20mg Tab','Rabeprazole',71,130,4.3500,5.0000,'2020-09-02','2022-01-02',1,'A',5),(810,'Hero Condom','a',71,60,8.7000,10.0000,'2020-09-02','2022-01-02',1,'A',5),(811,'Condom(Panther)','a',69,49,13.0500,15.0000,'2020-09-02','2022-01-02',1,'A',2),(812,'Femicon Tab','Pill',71,52,30.0846,34.5800,'2020-09-02','2023-06-02',1,'A',10),(813,'Insulin syringe','in',71,12,8.7000,10.0000,'2020-09-02','2022-06-30',1,'A',5),(815,'Joya Sanitary Napkin(Belt)','a',71,1,52.2000,60.0000,'2020-09-02','2025-07-30',1,'A',2),(816,'Joya Sanitary Napkin(Wings)','a',71,4,60.9000,70.0000,'2020-09-02','2025-06-02',1,'A',1),(817,'HCC pregnancy test cassette','t',71,19,34.8000,40.0000,'2020-09-02','2022-06-30',1,'A',2),(818,'HCC pregnancy test strip','s',71,27,17.4000,20.0000,'2020-09-02','2022-06-30',1,'A',2),(819,'Rhinozol 15ml Drops','Xylometazolinscl',71,1,9.5700,11.0000,'2020-09-02','2023-06-02',1,'B8',1),(820,'Fluzin 5mg Tab','Flunarizine',71,50,2.6100,3.0000,'2020-09-02','2022-06-02',1,'c3',10),(821,'Dettol L','d',71,5,69.6000,80.0000,'2020-09-02','2023-05-30',1,'A',1),(822,'Dettol S','D',71,0,52.2000,60.0000,'2020-09-02','2023-07-30',1,'A',1),(823,'Arth-A Max','Glucosamine',71,30,10.4400,12.0000,'2020-09-02','2022-07-02',1,'C5',10),(824,'Lino-M500mg Tab','Linagliptin',71,20,10.4400,12.0000,'2020-09-02','2022-06-02',1,'B3',10),(825,'Lino-M850mg Tab','Linagliptin',71,20,12.1800,14.0000,'2020-09-02','2022-06-06',1,'B3',10),(826,'Furotil 500','cefu',71,0,39.1500,45.0000,'2020-09-02','2022-05-30',1,'A',5),(827,'Lino 5mg Tab','Linagliptin',71,30,13.0500,15.0000,'2020-09-02','2022-06-02',1,'A',5),(828,'Furotil plus 500','Cefu',71,8,52.2000,60.0000,'2020-09-02','2022-05-30',1,'A',5),(829,'Consucon 80mg Tab','Gliclazide',71,40,6.0900,7.0000,'2020-09-02','2023-07-02',1,'B3',10),(830,'Joinix D Tab','Glucosamine',71,30,10.4400,12.0000,'2020-09-02','2022-05-02',1,'D3',10),(831,'Revert Tab','Cinnarizine',71,100,1.7400,2.0000,'2020-09-02','2022-07-02',1,'c3',10),(832,'Labeta 200mg Tab','Labetalol',29,100,7.8300,9.0000,'2020-09-02','2022-02-02',1,'A',10),(833,'Roll bandage','bandage',71,3,435.0000,500.0000,'2020-09-02','2022-06-30',1,'A',1),(834,'Cotton 400gm','cotton',71,2,174.0000,200.0000,'2020-09-02','2022-06-02',1,'A',1),(835,'One time bandage','bandage',71,188,1.7400,2.0000,'2020-09-02','2023-02-28',1,'A',3),(837,'Dexamethason0.5','dex',71,180,0.8700,1.0000,'2020-09-02','2023-06-30',1,'C6',5),(838,'Domp','Domp',71,90,1.7400,2.0000,'2020-09-02','2023-06-30',1,'D1',5),(839,'Diclofenac 50','diclo',71,100,0.8700,1.0000,'2020-09-02','2023-05-30',1,'C2',5),(840,'Hyperoxi','HP',71,18,28.7100,33.0000,'2020-09-02','2022-06-30',1,'A',2),(842,'Zithrin sus15ml','Az',35,7,69.8610,80.3000,'2020-09-04','2022-06-30',1,'A',2),(843,'Mucomist DT','Ac',71,8,13.0500,15.0000,'2020-09-04','2022-06-30',1,'A',5),(844,'Rostil SR','R',71,16,8.7000,10.0000,'2020-09-04','2021-10-30',1,'A',5),(845,'Rostil','R',29,8,6.0900,7.0000,'2020-09-04','2022-12-30',1,'A',5),(846,'Azomac 500','Az',29,4,30.4500,35.0000,'2020-09-04','2023-01-30',1,'A',2),(847,'Norsol drop','N',71,1,21.7500,25.0000,'2020-09-04','2023-01-30',1,'B8',1),(848,'Eyevi','A',71,6,8.7000,10.0000,'2020-09-04','2023-04-30',1,'A',5),(849,'Emijoy','E',71,8,6.0900,7.0000,'2020-09-04','2022-05-30',1,'A',5),(850,'Gauze','ban',71,72,8.7000,10.0000,'2020-09-06','2022-01-02',1,'A',5),(851,'Comet XR 500mg Tab','Metformin Hydocloryde',71,40,5.2200,6.0000,'2020-09-06','2022-01-02',1,'B3',10),(852,'Fexo120mg','Fex',29,216,6.9600,8.0000,'2020-09-06','2022-06-30',1,'A',10),(853,'Dimerol Tab','Gliclazide',29,80,6.0900,7.0000,'2020-09-06','2023-06-02',1,'B3',10),(854,'Maxpro 40mg tab','ESP',29,60,7.8300,9.0000,'2020-09-06','2022-06-02',1,'A',5),(855,'Finix 10 mg ','rabiprajol',29,50,3.0450,3.5000,'2020-09-06','2022-05-02',1,'A',5),(856,'Fixolin 200mg Tab','Doxophylline',29,90,3.4800,4.0000,'2020-09-06','2022-05-02',1,'B6',10),(857,'Tulcof 100ml Syrp','s',38,1,60.9000,70.0000,'2020-09-06','2022-05-05',1,'B7',1),(858,'Pantobex 20 tab','panto',71,200,4.3500,5.0000,'2020-09-06','2022-01-02',1,'A',5),(859,'Avolac 100 ml','avolac',71,9,121.8000,140.0000,'2020-09-06','2023-07-30',1,'A',1),(860,'Lindac 200mg Tab','a',29,35,8.2998,9.5400,'2020-09-06','2022-01-02',1,'A',10),(861,'Ceftid 50 ml ','C',38,10,182.7000,210.0000,'2020-09-06','2022-01-02',1,'A',2),(862,'Neso 500mg Tab','Naproxen',29,45,11.3100,13.0000,'2020-09-06','2022-01-02',1,'C2',10),(863,'Neso 375mg Tab','Naproxen',29,50,10.4400,12.0000,'2020-09-06','2022-01-02',1,'C2',10),(864,'Moxin 125mg/5 ml','Amoxicillin',71,10,41.4207,47.6100,'2020-09-06','2022-01-02',1,'A',1),(866,'Propranol 10 ','Propranol 10 ',29,170,0.4437,0.5100,'2020-09-06','2023-06-01',1,'c4',5),(867,'Flucloxin 500','fl',30,36,9.1350,10.5000,'2020-09-06','2022-05-30',1,'A',5),(868,'Tenobis 2.5 Tab','Bisoprolol',29,56,5.2200,6.0000,'2020-09-06','2023-06-02',1,'A',10),(869,'Flupen 250 cap','flucoxlin',30,70,4.3935,5.0500,'2020-09-06','2022-01-02',1,'f',5),(870,'Cefotil plus 250','cf',71,12,26.1870,30.1000,'2020-09-06','2021-09-21',1,'f',2),(871,'Cefotil plus 500','c',71,24,43.6305,50.1500,'2020-09-06','2021-11-02',1,'f',2),(872,'Famicef 500 ','cf',71,8,39.4023,45.2900,'2020-09-06','2022-05-02',1,'F',2),(873,'Gliclid 80mg Tab','Gliclazide',29,20,6.0900,7.0000,'2020-09-06','2022-05-02',1,'C5',10),(874,'Sefacin 500','Cefradin',30,10,11.3100,13.0000,'2020-09-06','2023-06-30',1,'A',5),(876,'Dicaltrol Plus','a',29,1,339.3000,390.0000,'2020-09-06','2022-07-02',1,'D4',1),(877,'Tetrax 500mg Cap','a',29,200,1.9923,2.2900,'2020-09-06','2022-05-02',1,'D8',10),(879,'Dextrose-N saline','Sal',34,4,88.0440,101.2000,'2020-09-07','2021-12-30',1,'A',1),(880,'Dextrose saline','D',34,5,80.0313,91.9900,'2020-09-07','2022-06-30',1,'A',1),(881,'Ketocon shampoo ','Kt',71,2,153.2853,176.1900,'2020-09-08','2022-07-30',1,'A',1),(882,'Solas suspension30ml ','Mebendazole',35,5,16.5300,19.0000,'2020-09-08','2022-07-23',1,'A',2),(883,'Vildus50mg','Vil',29,40,17.4522,20.0600,'2020-09-08','2022-03-30',1,'A',0),(884,'Beklo5mg','Baclofen',71,16,4.3500,5.0000,'2020-09-08','2022-05-30',1,'A',5),(885,'Acifix 20mg Tab','Rabeprazole',29,138,6.0900,7.0000,'2020-09-08','2021-06-02',1,'A',10),(886,'ORS-N','ORS',34,133,4.3500,5.0000,'2020-09-09','2024-05-30',1,'A',20),(887,'Surgical mask','Mask',71,32,8.7000,10.0000,'2020-09-09','2022-01-02',1,'A',5),(888,'Amit 10mg','AT',29,100,0.8700,1.0000,'2020-09-09','2023-06-30',1,'A',2),(889,'Amit 25mg','AT',29,80,1.7400,2.0000,'2020-09-09','2023-06-30',1,'A',2),(890,'Setra','Sr',29,100,5.2548,6.0400,'2020-09-09','2023-07-30',1,'A',2),(891,'Gored MR','G',29,18,7.0122,8.0600,'2020-09-09','2021-12-30',1,'A',2),(892,'Gored','G',29,50,6.1161,7.0300,'2020-09-09','2023-06-30',1,'A',2),(893,'Alben suspension ','AL',35,5,17.4000,20.0000,'2020-09-09','2025-07-30',1,'A',1),(894,'Telazine 5mg','TF',29,100,2.6100,3.0000,'2020-09-09','2022-01-30',1,'A',2),(895,'Dexpoten plus','An',38,3,87.0000,100.0000,'2020-09-09','2021-12-30',1,'A',2),(896,'Viodin10% solution15ml ','PI',55,7,21.8196,25.0800,'2020-09-10','2022-07-30',1,'A',2),(897,'Iracet500mg','Lv',29,0,26.1000,30.0000,'2020-09-10','2022-07-30',1,'A',2),(900,'Intimate20mg','T',29,3,52.3566,60.1800,'2020-09-10','2022-01-02',1,'A',2),(901,'Ciprocin 60ml','C',38,5,87.2610,100.3000,'2020-09-10','2022-06-30',1,'A',2),(902,'Ostan 50mg','O',29,50,6.9600,8.0000,'2020-09-11','2022-06-30',1,'A',2),(903,'Glucozid 80mg','G',29,50,6.0900,7.0000,'2020-09-11','2023-06-30',1,'A',5),(904,'Glucomet 500mg','M',29,100,3.4800,4.0000,'2020-09-11','2023-06-30',1,'A',5),(905,'Glucomet 850mg','M',29,50,5.2200,6.0000,'2020-09-11','2023-06-30',1,'A',5),(907,'Neofloxin 60ml suspension ','Cip',35,5,87.0000,100.0000,'2020-09-11','2021-10-30',1,'A',1),(908,'Dextropac 5% 1000ml  Saline','Saline',34,2,80.0400,92.0000,'2020-09-19','2023-08-02',1,'Under',1),(909,'Dextropac-10 1000ml  Saline','Saline',34,2,92.0460,105.8000,'2020-09-19','2023-08-02',1,'A',1),(910,'Dextrosal 5% 1000ml','Saline',34,1,87.8700,101.0000,'2020-09-19','2023-08-02',1,'A',1),(911,'Dextrosal 5% 500ml','Saline',34,2,66.0243,75.8900,'2020-09-19','2023-08-02',1,'A',1),(912,'Dianak 1000ml','Saline',34,2,80.0400,92.0000,'2020-09-19','2023-08-02',1,'A',1),(913,'Dianak 500ml','Saline',34,2,61.0218,70.1400,'2020-09-19','2023-08-02',1,'A',1),(914,'Hartman 1000ml','Saline',34,2,80.0400,92.0000,'2020-09-19','2023-08-02',1,'A',1),(915,'Plasmasol 500ml  ','Saline',34,1,568.9800,654.0000,'2020-09-19','2023-07-02',1,'A',1),(916,'Salpac 1000ml','Saline',34,1,76.0293,87.3900,'2020-09-19','2023-08-02',1,'A',1),(917,'Salpac 500ml','Saline',34,1,58.6728,67.4400,'2020-09-19','2023-08-02',1,'A',1),(918,'Savlon','Antiseptic',35,3,43.5000,50.0000,'2020-09-19','2024-07-02',1,'H1',1),(919,'RBS','a',35,25,43.5000,50.0000,'2020-09-19','2021-09-02',1,'A',5),(920,'Gloves hand','a',63,50,13.0500,15.0000,'2020-09-19','2022-07-02',1,'A',5),(921,'Nebolization','a',40,500,43.5000,50.0000,'2020-09-19','2022-01-02',1,'A',1),(927,'Eno','a',52,58,13.0500,15.0000,'2020-09-23','2022-03-02',1,'A',5),(928,'Move','a',33,4,95.7000,110.0000,'2020-09-23','2023-05-02',1,'A',1),(929,'Pendoril 4mg Tab','a',29,0,12.1800,14.0000,'2020-09-27','2022-05-02',1,'A',2),(930,'Calamin lotion','a',29,20,33.0600,38.0000,'2020-09-27','2022-08-02',1,'A',5),(931,'Ostium D(AL)','a',29,4,104.4000,120.0000,'2020-09-27','2022-01-02',1,'A',1),(932,'Esorex (AL)','a',29,100,1.7400,2.0000,'2020-09-27','2022-01-02',1,'A',5),(933,'Lotil 20mg Cap (AL)','a',29,100,3.4800,4.0000,'2020-09-27','2022-07-02',1,'A',10),(934,'Calcium DS-500 (AL)','a',29,50,1.7400,2.0000,'2020-09-27','2023-06-02',1,'A',5),(935,'NAproxen Plus 500mg Tab (AL)','a',29,28,8.7000,10.0000,'2020-09-27','2022-07-02',1,'A',5),(936,'Cetirizin Tab (AL)','a',29,100,2.1750,2.5000,'2020-09-27','2022-01-02',1,'A',10);
/*!40000 ALTER TABLE `medicine` ENABLE KEYS */;
UNLOCK TABLES;

--
-- Table structure for table `test`
--

DROP TABLE IF EXISTS `test`;
/*!40101 SET @saved_cs_client     = @@character_set_client */;
/*!50503 SET character_set_client = utf8mb4 */;
CREATE TABLE `test` (
  `username` varchar(255) NOT NULL,
  `name` varchar(255) NOT NULL,
  `password` varchar(255) NOT NULL
) ENGINE=InnoDB DEFAULT CHARSET=utf8mb4 COLLATE=utf8mb4_0900_ai_ci;
/*!40101 SET character_set_client = @saved_cs_client */;

--
-- Dumping data for table `test`
--

LOCK TABLES `test` WRITE;
/*!40000 ALTER TABLE `test` DISABLE KEYS */;
/*!40000 ALTER TABLE `test` ENABLE KEYS */;
UNLOCK TABLES;

--
-- Table structure for table `user`
--

DROP TABLE IF EXISTS `user`;
/*!40101 SET @saved_cs_client     = @@character_set_client */;
/*!50503 SET character_set_client = utf8mb4 */;
CREATE TABLE `user` (
  `id` int NOT NULL AUTO_INCREMENT,
  `name` varchar(100) NOT NULL,
  `username` varchar(50) NOT NULL,
  `password` varchar(100) NOT NULL,
  `last_login` datetime NOT NULL,
  PRIMARY KEY (`id`)
) ENGINE=InnoDB AUTO_INCREMENT=2 DEFAULT CHARSET=utf8mb4 COLLATE=utf8mb4_0900_ai_ci;
/*!40101 SET character_set_client = @saved_cs_client */;

--
-- Dumping data for table `user`
--

LOCK TABLES `user` WRITE;
/*!40000 ALTER TABLE `user` DISABLE KEYS */;
INSERT INTO `user` VALUES (1,'user','user','useruser','2020-09-12 13:29:18');
/*!40000 ALTER TABLE `user` ENABLE KEYS */;
UNLOCK TABLES;

--
-- Dumping events for database 'shebabar_inv'
--

--
-- Dumping routines for database 'shebabar_inv'
--
/*!40103 SET TIME_ZONE=@OLD_TIME_ZONE */;

/*!40101 SET SQL_MODE=@OLD_SQL_MODE */;
/*!40014 SET FOREIGN_KEY_CHECKS=@OLD_FOREIGN_KEY_CHECKS */;
/*!40014 SET UNIQUE_CHECKS=@OLD_UNIQUE_CHECKS */;
/*!40101 SET CHARACTER_SET_CLIENT=@OLD_CHARACTER_SET_CLIENT */;
/*!40101 SET CHARACTER_SET_RESULTS=@OLD_CHARACTER_SET_RESULTS */;
/*!40101 SET COLLATION_CONNECTION=@OLD_COLLATION_CONNECTION */;
/*!40111 SET SQL_NOTES=@OLD_SQL_NOTES */;

-- Dump completed on 2020-09-30  2:06:12
